itemcode	date	close_val	change_val	change_rate	acc_quant	acc_amount
KOSDAQ	20150107	56132	242	0.43	488995	3011838
KOSDAQ	20150113	57100	-376	-0.65	544245	2771338
KOSDAQ	20150116	57741	-398	-0.68	422973	2699868
KOSDAQ	20150119	57794	53	0.09	434141	2478185
KOSDAQ	20150122	57842	-592	-1.01	639503	3251362
KOSDAQ	20150128	59439	655	1.11	464531	2627610
KOSDAQ	20150203	59331	304	0.52	496838	2839377
KOSDAQ	20150206	60413	332	0.55	509773	3006401
KOSDAQ	20150209	59375	-1038	-1.72	512818	3250952
KOSDAQ	20150212	60224	83	0.14	510069	3030335
KOSDAQ	20150224	62131	579	0.94	467941	2918470
KOSDAQ	20150227	62456	748	1.21	498231	2904397
KOSDAQ	20150302	62181	-275	-0.44	501898	2823045
KOSDAQ	20150305	63143	108	0.17	480444	2787483
KOSDAQ	20150311	61961	-238	-0.38	464349	2535090
KOSDAQ	20150317	63605	65	0.1	519018	2834706
KOSDAQ	20150320	64008	827	1.31	567597	3325411
KOSDAQ	20150323	64029	21	0.03	521219	2964063
KOSDAQ	20150326	64253	-852	-1.31	544099	3518513
KOSDAQ	20150401	65023	-26	-0.04	506284	2900231
KOSDAQ	20150407	66683	468	0.71	541361	3668710
KOSDAQ	20150410	68202	506	0.75	594659	4171246
KOSDAQ	20150413	68939	737	1.08	703617	4587386
KOSDAQ	20150416	69831	387	0.56	686499	4486031
KOSDAQ	20150422	70334	-1118	-1.56	1058632	7377791
KOSDAQ	20150428	69679	-260	-0.37	589723	4592910
KOSDAQ	20150506	66594	-1196	-1.76	477612	3226057
KOSDAQ	20150512	68674	-555	-0.8	533100	3883556
KOSDAQ	20150515	70540	613	0.88	502659	4000692
KOSDAQ	20150518	70325	-215	-0.3	587326	4426255
KOSDAQ	20150521	71564	169	0.24	514528	4508283
KOSDAQ	20150527	69919	-947	-1.34	470670	3492867
KOSDAQ	20150602	70477	-1096	-1.53	606106	4771426
KOSDAQ	20150605	70727	271	0.38	552160	4240037
KOSDAQ	20150608	71643	916	1.3	491272	3727484
KOSDAQ	20150611	71700	-123	-0.17	499381	3802044
KOSDAQ	20150617	71861	1233	1.75	469165	3881691
KOSDAQ	20150623	73982	521	0.71	542064	4140723
KOSDAQ	20150626	75050	-316	-0.42	599788	4848683
KOSDAQ	20150629	73304	-1746	-2.33	472792	4050857
KOSDAQ	20150701	76067	1840	2.48	552022	4358463
KOSDAQ	20150707	72964	-2237	-2.97	744480	6451807
KOSDAQ	20150710	73072	471	0.65	530966	3935696
KOSDAQ	20150713	74946	1874	2.56	531974	3542023
KOSDAQ	20150716	77440	1281	1.68	685167	4836790
KOSDAQ	20150722	77657	-542	-0.69	688139	4160293
KOSDAQ	20150728	74524	-580	-0.77	604231	4069158
KOSDAQ	20150731	72506	1220	1.71	507454	2971837
KOSDAQ	20150803	71434	-1072	-1.48	417684	2666783
KOSDAQ	20150806	74774	648	0.87	442625	3307312
KOSDAQ	20150812	71720	-1506	-2.06	578207	3990043
KOSDAQ	20150818	69980	-2221	-3.08	591028	3293436
KOSDAQ	20150821	62705	-2966	-4.52	608153	3700729
KOSDAQ	20150824	61333	-1372	-2.19	509900	2985118
KOSDAQ	20150827	67371	627	0.94	466305	2967485
KOSDAQ	20150902	67802	508	0.75	481696	3173621
KOSDAQ	20150908	63822	-1058	-1.63	472734	2847797
KOSDAQ	20150911	66987	158	0.24	551381	2871946
KOSDAQ	20150914	66288	-699	-1.04	437907	2480111
KOSDAQ	20150917	67105	-543	-0.8	731025	3420919
KOSDAQ	20150923	68028	-1339	-1.93	1015122	4057750
KOSDAQ	20151001	68479	631	0.93	824526	3113376
KOSDAQ	20151007	67983	-923	-1.34	780451	3396234
KOSDAQ	20151013	67282	-14	-0.02	727086	3080637
KOSDAQ	20151016	68173	568	0.84	756057	3058878
KOSDAQ	20151019	68429	256	0.38	910143	3038770
KOSDAQ	20151022	67630	-1020	-1.49	924801	3669674
KOSDAQ	20151028	69353	521	0.76	700763	3974208
KOSDAQ	20151103	68213	212	0.31	719371	3480849
KOSDAQ	20151106	69421	-22	-0.03	759364	4227679
KOSDAQ	20151109	67184	-2237	-3.22	708439	3907998
KOSDAQ	20151112	67299	578	0.87	610490	3648551
KOSDAQ	20151118	67067	-150	-0.22	973725	3835756
KOSDAQ	20151124	68786	-43	-0.06	811169	3219010
KOSDAQ	20151127	69421	79	0.11	757403	3016917
KOSDAQ	20151130	68838	-583	-0.84	627230	3446959
KOSDAQ	20151202	69032	-163	-0.24	773641	3544348
KOSDAQ	20151208	66842	-1492	-2.18	706309	3579586
KOSDAQ	20151211	65348	-460	-0.7	796067	3060868
KOSDAQ	20151214	63037	-2311	-3.54	620532	2868901
KOSDAQ	20151217	65811	1084	1.67	612312	3082494
KOSDAQ	20151223	65960	-382	-0.58	764164	3727417
KOSDAQ	20151229	67322	2117	3.25	549107	2909668
KOSDAQ	20160106	68727	320	0.47	735477	4077090
KOSDAQ	20160112	67130	-366	-0.54	568330	3246295
KOSDAQ	20160115	67843	-476	-0.7	585173	4113966
KOSDAQ	20160118	68363	520	0.77	532816	3454774
KOSDAQ	20160121	66584	-384	-0.57	568732	3253867
KOSDAQ	20160127	67525	-360	-0.53	625769	3561194
KOSDAQ	20160202	68486	-69	-0.1	545019	3184127
KOSDAQ	20160205	68131	-231	-0.34	504309	2809593
KOSDAQ	20160211	64769	-3362	-4.93	519244	3568177
KOSDAQ	20160217	62349	-1146	-1.8	512531	3021117
KOSDAQ	20160223	64231	-783	-1.2	674715	3432355
KOSDAQ	20160226	64930	303	0.47	451948	2577316
KOSDAQ	20160229	65162	232	0.36	561260	2801709
KOSDAQ	20160304	67384	483	0.72	523828	3067219
KOSDAQ	20160307	67221	-163	-0.24	539547	3257128
KOSDAQ	20160310	68760	796	1.17	525311	2988131
KOSDAQ	20160316	69344	10	0.01	586686	2967201
KOSDAQ	20160322	69151	-91	-0.13	668178	3266139
KOSDAQ	20160325	68320	-306	-0.45	648092	3032734
KOSDAQ	20160328	67651	-669	-0.98	636108	3019038
KOSDAQ	20160331	68838	-275	-0.4	613414	2806038
KOSDAQ	20160406	69403	-167	-0.24	632342	3478353
KOSDAQ	20160412	69345	44	0.06	625491	3285499
KOSDAQ	20160415	69562	220	0.32	684701	3310005
KOSDAQ	20160418	69534	-28	-0.04	697710	3415681
KOSDAQ	20160421	70162	176	0.25	811253	3920666
KOSDAQ	20160427	69952	-254	-0.36	743537	3586188
KOSDAQ	20160502	69027	-950	-1.36	666673	3423714
KOSDAQ	20160511	70394	371	0.53	629065	3010273
KOSDAQ	20160517	69595	-551	-0.79	703734	3695498
KOSDAQ	20160520	68492	553	0.81	787067	3638363
KOSDAQ	20160523	69100	608	0.89	715343	3633378
KOSDAQ	20160526	68794	-139	-0.2	823072	3707365
KOSDAQ	20160601	70003	158	0.23	698977	3162403
KOSDAQ	20160607	70477	334	0.48	763607	3365496
KOSDAQ	20160610	70681	173	0.25	969060	3721932
KOSDAQ	20160613	69561	-1120	-1.58	810385	3433671
KOSDAQ	20160616	68025	-1441	-2.07	1161066	4495164
KOSDAQ	20160622	68818	-37	-0.05	979248	3474501
KOSDAQ	20160628	65930	1118	1.72	1075858	3865304
KOSDAQ	20160706	68551	-722	-1.04	1202656	4450171
KOSDAQ	20160712	69940	215	0.31	756347	3885031
KOSDAQ	20160715	70028	-306	-0.44	1102740	4829549
KOSDAQ	20160718	70090	62	0.09	880071	4046221
KOSDAQ	20160721	70812	309	0.44	929957	4410385
KOSDAQ	20160727	70109	-431	-0.61	765566	3536010
KOSDAQ	20160802	70090	-282	-0.4	717297	4081039
KOSDAQ	20160805	69609	-558	-0.8	631859	4039212
KOSDAQ	20160808	69643	34	0.05	582157	3394017
KOSDAQ	20160811	70333	-413	-0.58	697286	3777335
KOSDAQ	20160817	69367	-520	-0.74	632181	3551911
KOSDAQ	20160823	68738	-77	-0.11	654820	3251378
KOSDAQ	20160826	68043	-353	-0.52	714707	2743159
KOSDAQ	20160829	66358	-1685	-2.48	710236	3349626
KOSDAQ	20160901	67129	760	1.15	635147	2623362
KOSDAQ	20160907	67249	-677	-1.0	664518	3271814
KOSDAQ	20160913	66015	724	1.11	614845	3099015
KOSDAQ	20160919	66664	649	0.98	706365	3091611
KOSDAQ	20160922	68524	696	1.03	934110	4259350
KOSDAQ	20160928	68676	-123	-0.18	635238	3284985
KOSDAQ	20161006	68433	-111	-0.16	633115	3118158
KOSDAQ	20161012	66995	-69	-0.1	583399	3038033
KOSDAQ	20161018	66029	46	0.07	512987	2675213
KOSDAQ	20161021	65177	-391	-0.6	500051	2897623
KOSDAQ	20161024	64788	-389	-0.6	554776	2929056
KOSDAQ	20161027	64857	1306	2.06	461445	2669218
KOSDAQ	20161102	60606	-2032	-3.24	626162	3221859
KOSDAQ	20161108	62419	202	0.32	528121	2537891
KOSDAQ	20161111	62189	-134	-0.22	509569	2636702
KOSDAQ	20161114	62123	-66	-0.11	472394	2467066
KOSDAQ	20161117	62776	-7	-0.01	658763	2760267
KOSDAQ	20161123	60029	-1045	-1.71	614425	2843869
KOSDAQ	20161129	59607	302	0.51	792712	3303616
KOSDAQ	20161201	59385	-226	-0.38	627418	2619233
KOSDAQ	20161207	57852	-283	-0.49	594564	2755146
KOSDAQ	20161213	61109	801	1.33	631356	3334931
KOSDAQ	20161216	62208	147	0.24	764615	3635125
KOSDAQ	20161219	62277	69	0.11	639055	3096436
KOSDAQ	20161222	61593	-270	-0.44	861490	3008177
KOSDAQ	20161228	62727	889	1.44	619249	2814031
KOSDAQ	20170102	63204	60	0.1	506459	2304545
KOSDAQ	20170105	64248	269	0.42	801800	2872408
KOSDAQ	20170111	63790	117	0.18	901576	3146516
KOSDAQ	20170117	62400	-388	-0.62	744512	2591555
KOSDAQ	20170120	62212	-407	-0.65	713510	2535780
KOSDAQ	20170123	61599	-613	-0.99	687665	2575025
KOSDAQ	20170126	61681	717	1.18	632201	2625697
KOSDAQ	20170201	62368	755	1.23	914193	2434849
KOSDAQ	20170207	60872	-224	-0.37	673461	2777212
KOSDAQ	20170210	61058	-46	-0.08	1095899	3288651
KOSDAQ	20170213	61194	136	0.22	854827	2454716
KOSDAQ	20170216	61658	63	0.1	940941	2853151
KOSDAQ	20170222	62139	-108	-0.17	950116	3021228
KOSDAQ	20170228	61220	8	0.01	659140	2474721
KOSDAQ	20170303	60073	-820	-1.35	875891	2705040
KOSDAQ	20170306	60405	332	0.55	670375	2221590
KOSDAQ	20170309	60613	38	0.06	875641	2551842
KOSDAQ	20170315	60868	-544	-0.89	1062323	3762982
KOSDAQ	20170321	60973	62	0.1	822695	3178410
KOSDAQ	20170324	60818	265	0.44	735318	3018397
KOSDAQ	20170327	60707	-111	-0.18	805214	3192107
KOSDAQ	20170330	61468	105	0.17	791136	3074800
KOSDAQ	20170405	63017	468	0.75	910161	3885874
KOSDAQ	20170411	62164	223	0.36	801271	3769056
KOSDAQ	20170414	61824	-563	-0.9	690488	3374862
KOSDAQ	20170417	62947	1123	1.82	591005	3065916
KOSDAQ	20170420	63580	-19	-0.03	866508	3654092
KOSDAQ	20170426	63511	254	0.4	728613	2816511
KOSDAQ	20170504	63511	868	1.39	474753	2120462
KOSDAQ	20170510	64268	-71	-0.11	744255	2983695
KOSDAQ	20170516	63911	-627	-0.97	717119	3157398
KOSDAQ	20170519	64245	433	0.68	717634	2800259
KOSDAQ	20170522	64262	17	0.03	744750	2810512
KOSDAQ	20170525	64302	-302	-0.47	759129	2867248
KOSDAQ	20170531	65204	298	0.46	656574	3087174
KOSDAQ	20170609	67415	418	0.62	616609	3309750
KOSDAQ	20170612	66486	-929	-1.38	574253	3296630
KOSDAQ	20170615	66982	-177	-0.26	663981	3349509
KOSDAQ	20170621	66577	-364	-0.54	607192	3240065
KOSDAQ	20170627	67263	427	0.64	631462	3107304
KOSDAQ	20170630	66904	104	0.16	504702	2624370
KOSDAQ	20170705	66154	535	0.82	558154	2657428
KOSDAQ	20170711	65601	-185	-0.28	534278	2495398
KOSDAQ	20170714	65411	142	0.22	525201	2693374
KOSDAQ	20170717	65989	578	0.88	408866	2334821
KOSDAQ	20170720	67651	498	0.74	562813	3204548
KOSDAQ	20170726	66722	-325	-0.48	586902	3329982
KOSDAQ	20170801	65312	265	0.41	482494	2634769
KOSDAQ	20170804	64158	-151	-0.23	452887	2639686
KOSDAQ	20170807	64839	681	1.06	450863	2417159
KOSDAQ	20170810	64004	-283	-0.44	761739	3133231
KOSDAQ	20170816	63491	554	0.88	600099	2689589
KOSDAQ	20170822	64426	341	0.53	642307	2637592
KOSDAQ	20170825	65027	256	0.4	578114	2471729
KOSDAQ	20170828	65292	265	0.41	506386	2483204
KOSDAQ	20170831	65783	283	0.43	608351	2813762
KOSDAQ	20170906	65259	384	0.59	556718	2830415
KOSDAQ	20170912	66005	352	0.54	644731	3464065
KOSDAQ	20170915	67130	589	0.89	637568	4192966
KOSDAQ	20170918	67587	457	0.68	576473	3877269
KOSDAQ	20170921	66111	-694	-1.04	686069	3979227
KOSDAQ	20170927	64924	684	1.06	632554	3005501
KOSDAQ	20171011	66231	772	1.18	552257	2945172
KOSDAQ	20171017	67051	1110	1.68	687028	4136543
KOSDAQ	20171020	67295	585	0.88	651743	3547948
KOSDAQ	20171023	67586	291	0.43	490800	3329619
KOSDAQ	20171026	68061	-853	-1.24	592596	4140976
KOSDAQ	20171101	69577	157	0.23	617884	3499538
KOSDAQ	20171107	70114	-265	-0.38	640923	5410351
KOSDAQ	20171110	72079	1085	1.53	593546	4389308
KOSDAQ	20171113	74138	2059	2.86	675292	5728785
KOSDAQ	20171116	78022	1219	1.59	890612	7913172
KOSDAQ	20171122	78090	-848	-1.07	879769	9218729
KOSDAQ	20171128	77312	-1968	-2.48	881747	6508490
KOSDAQ	20171206	76839	-573	-0.74	958263	7370991
KOSDAQ	20171212	76040	-369	-0.48	1003036	5077023
KOSDAQ	20171215	77182	147	0.19	1031315	6003169
KOSDAQ	20171218	77050	-132	-0.17	1118924	5606497
KOSDAQ	20171221	74032	-1495	-1.98	1193663	5912688
KOSDAQ	20171227	79195	2974	3.9	818085	6623256
KOSDAQ	20180104	80801	-1430	-1.74	1331289	8238624
KOSDAQ	20180110	83491	492	0.59	1088866	7425739
KOSDAQ	20180116	90123	962	1.08	998650	9824838
KOSDAQ	20180119	87999	-1820	-2.03	1149687	9208944
KOSDAQ	20180122	87309	-690	-0.78	1107105	7138592
KOSDAQ	20180125	89860	383	0.43	1010409	7480948
KOSDAQ	20180131	91357	-739	-0.8	1181915	7456275
KOSDAQ	20180206	85817	-5	-0.01	1053157	8538857
KOSDAQ	20180209	84260	-1934	-2.24	754953	5483921
KOSDAQ	20180212	84324	64	0.08	680697	4907889
KOSDAQ	20180221	87558	1117	1.29	800475	5212379
KOSDAQ	20180227	87401	-42	-0.05	778367	5080149
KOSDAQ	20180302	86023	317	0.37	753510	4605670
KOSDAQ	20180305	84500	-1523	-1.77	731919	4398555
KOSDAQ	20180308	85394	1291	1.54	863713	4518107
KOSDAQ	20180314	88692	67	0.08	920060	5180509
KOSDAQ	20180320	89040	943	1.07	743688	5981918
KOSDAQ	20180323	82968	-4194	-4.81	889280	6645929
KOSDAQ	20180326	85369	2401	2.89	733522	6003106
KOSDAQ	20180329	86599	1502	1.77	804603	5102122
KOSDAQ	20180404	86251	-981	-1.12	811227	5961750
KOSDAQ	20180410	87730	286	0.33	991020	6291468
KOSDAQ	20180413	89187	1042	1.18	1001525	7174479
KOSDAQ	20180416	89689	502	0.56	1007811	6620299
KOSDAQ	20180419	88273	-1059	-1.19	1662376	7990120
KOSDAQ	20180425	86993	-368	-0.42	1149062	6029857
KOSDAQ	20180503	86607	-496	-0.57	1329763	6148409
KOSDAQ	20180509	85085	2363	2.86	891460	5789784
KOSDAQ	20180515	86294	424	0.49	987697	5609326
KOSDAQ	20180518	86945	1383	1.62	1034976	5183641
KOSDAQ	20180521	87296	351	0.4	950381	4622362
KOSDAQ	20180524	87332	416	0.48	1088353	5950900
KOSDAQ	20180530	87422	414	0.48	1104606	7216025
KOSDAQ	20180605	87716	-28	-0.03	1013749	5576247
KOSDAQ	20180608	87848	-943	-1.06	826895	5033083
KOSDAQ	20180611	87655	-193	-0.22	756711	4589571
KOSDAQ	20180614	86456	-1048	-1.2	1008140	6048601
KOSDAQ	20180620	84017	2478	3.04	750135	4737407
KOSDAQ	20180626	83140	-460	-0.55	650106	3741858
KOSDAQ	20180629	81822	802	0.99	628464	3441641
KOSDAQ	20180704	79910	339	0.43	689114	3081005
KOSDAQ	20180710	81319	491	0.61	525879	2919362
KOSDAQ	20180713	82789	860	1.05	572114	3136365
KOSDAQ	20180716	82571	-218	-0.26	579438	2964379
KOSDAQ	20180719	79649	-1395	-1.72	752875	4076363
KOSDAQ	20180725	74889	-1268	-1.66	671710	4446437
KOSDAQ	20180731	77552	572	0.74	607882	3427019
KOSDAQ	20180803	78881	743	0.95	527964	2853853
KOSDAQ	20180806	78141	-740	-0.94	506664	2919850
KOSDAQ	20180809	78948	567	0.72	584119	3557515
KOSDAQ	20180821	78715	1737	2.26	504193	3420379
KOSDAQ	20180824	79823	695	0.88	557808	3525325
KOSDAQ	20180827	80104	281	0.35	626001	3839131
KOSDAQ	20180830	80447	129	0.16	741372	3654059
KOSDAQ	20180905	82000	-727	-0.88	654580	4238799
KOSDAQ	20180911	82023	407	0.5	676315	3944839
KOSDAQ	20180914	83491	396	0.48	595412	5075314
KOSDAQ	20180917	82888	-603	-0.72	580240	4580484
KOSDAQ	20180920	82113	-578	-0.7	677837	6568014
KOSDAQ	20181001	81653	-574	-0.7	552813	3570682
KOSDAQ	20181004	78900	-599	-0.75	516196	3647102
KOSDAQ	20181010	74750	-1965	-2.56	627390	3704535
KOSDAQ	20181016	73150	1263	1.76	465971	2855331
KOSDAQ	20181019	74048	914	1.25	429750	3035667
KOSDAQ	20181022	74415	367	0.5	412580	2451680
KOSDAQ	20181025	68684	-1246	-1.78	542895	3569761
KOSDAQ	20181031	64867	453	0.7	606649	2736685
KOSDAQ	20181106	69155	-39	-0.06	504022	2972859
KOSDAQ	20181109	68729	-638	-0.92	777980	3169246
KOSDAQ	20181112	67082	-1647	-2.4	564123	2911234
KOSDAQ	20181115	68138	982	1.46	661560	2863622
KOSDAQ	20181121	69572	491	0.71	565103	3341733
KOSDAQ	20181127	70067	531	0.76	504921	2687562
KOSDAQ	20181130	69576	28	0.04	528994	2773374
KOSDAQ	20181205	70112	-751	-1.06	631242	2957545
KOSDAQ	20181211	66101	-938	-1.4	557391	3283190
KOSDAQ	20181214	66634	-1544	-2.26	515093	3486197
KOSDAQ	20181217	66190	-444	-0.67	541733	3341009
KOSDAQ	20181220	66813	-395	-0.59	576558	3123085
KOSDAQ	20181226	66574	-405	-0.6	676992	3760000
KOSPI	20150107	188383	138	0.07	277346	3697278
KOSPI	20150113	191714	-381	-0.2	335782	4791776
KOSPI	20150116	188813	-2601	-1.36	294638	3920572
KOSPI	20150119	190262	1449	0.77	278181	3506180
KOSPI	20150122	192082	-41	-0.02	339567	4477173
KOSPI	20150128	196158	918	0.47	395675	5188422
KOSPI	20150203	195196	-72	-0.04	366309	4593470
KOSPI	20150206	195552	268	0.14	299872	4690502
KOSPI	20150209	194700	-852	-0.44	306825	4285816
KOSPI	20150212	194163	-407	-0.21	327123	4263274
KOSPI	20150224	197612	773	0.39	304394	4112593
KOSPI	20150227	198580	-728	-0.37	417184	5527749
KOSPI	20150302	199681	1101	0.55	365957	5493257
KOSPI	20150305	199838	9		362427	3939052
KOSPI	20150311	198083	-394	-0.2	395371	5795408
KOSPI	20150317	202991	4258	2.14	353014	5331677
KOSPI	20150320	203724	-65	-0.03	347283	5060596
KOSPI	20150323	203659	-65	-0.03	310208	4575023
KOSPI	20150326	202256	-2025	-0.99	338831	5100235
KOSPI	20150401	202845	-1258	-0.62	538580	5316792
KOSPI	20150407	204703	60	0.03	426271	4760116
KOSPI	20150410	208776	2889	1.4	647107	6275483
KOSPI	20150413	209892	1116	0.53	550382	6949775
KOSPI	20150416	213990	1994	0.94	471230	7187304
KOSPI	20150422	214389	-90	-0.04	762349	8388538
KOSPI	20150428	214767	-987	-0.46	410562	6068630
KOSPI	20150506	210458	-2765	-1.3	424198	5600790
KOSPI	20150512	209677	-61	-0.03	386675	4899718
KOSPI	20150515	210650	-1383	-0.65	467268	5365887
KOSPI	20150518	211372	722	0.34	441445	5784617
KOSPI	20150521	212281	-1673	-0.78	392880	5596351
KOSPI	20150527	210750	-3600	-1.68	434088	7887325
KOSPI	20150602	207864	-2373	-1.13	515192	6940036
KOSPI	20150605	206810	-476	-0.23	388853	6086742
KOSPI	20150608	206519	-291	-0.14	390357	5508814
KOSPI	20150611	205661	529	0.26	451273	7495997
KOSPI	20150617	203486	614	0.3	349919	5064150
KOSPI	20150623	208120	2604	1.27	325895	5218253
KOSPI	20150626	209026	520	0.25	487506	6232862
KOSPI	20150629	206049	-2977	-1.42	499301	6142787
KOSPI	20150701	209789	2369	1.14	468233	5804594
KOSPI	20150707	204029	-1364	-0.66	497988	8200258
KOSPI	20150710	203117	336	0.17	371847	6514152
KOSPI	20150713	206152	3035	1.49	421534	6183981
KOSPI	20150716	208789	1498	0.72	682603	7059502
KOSPI	20150722	206473	-1889	-0.91	1149355	6766264
KOSPI	20150728	203910	29	0.01	490449	6440757
KOSPI	20150731	203016	1113	0.55	444009	6187274
KOSPI	20150803	200849	-2167	-1.07	351899	4969419
KOSPI	20150806	201329	-1647	-0.81	335637	5738406
KOSPI	20150812	197547	-1118	-0.56	519701	6801476
KOSPI	20150818	195626	-1226	-0.62	468191	5533960
KOSPI	20150821	187607	-3848	-2.01	506532	6761186
KOSPI	20150824	182981	-4626	-2.47	410169	6088766
KOSPI	20150827	190800	1391	0.73	477548	6640239
KOSPI	20150902	191522	99	0.05	338567	4953189
KOSPI	20150908	187868	-454	-0.24	386234	4676248
KOSPI	20150911	194137	-2074	-1.06	497246	4605410
KOSPI	20150914	193146	-991	-0.51	359481	4086021
KOSPI	20150917	197649	104	0.05	502903	5545797
KOSPI	20150923	194464	-3742	-1.89	845584	4853314
KOSPI	20151001	197932	1651	0.84	670916	5093572
KOSPI	20151007	200584	1519	0.76	753341	6090499
KOSPI	20151013	201905	-258	-0.13	595222	5112232
KOSPI	20151016	203026	-301	-0.15	542027	4616085
KOSPI	20151019	203027	1		707700	4210325
KOSPI	20151022	202300	-1998	-0.98	688427	5877354
KOSPI	20151028	204251	-214	-0.1	387254	4877015
KOSPI	20151103	204840	1316	0.65	582904	5731116
KOSPI	20151106	204107	-834	-0.41	458898	4513121
KOSPI	20151109	202570	-1537	-0.75	430279	5932869
KOSPI	20151112	199336	-391	-0.2	382858	3402325
KOSPI	20151118	196288	-70	-0.04	533967	4539628
KOSPI	20151124	201629	1259	0.63	409942	4228723
KOSPI	20151127	202899	-169	-0.08	475264	3898119
KOSPI	20151130	199197	-3702	-1.82	446112	6409955
KOSPI	20151202	200929	-1464	-0.72	623964	4341114
KOSPI	20151208	194904	-1463	-0.75	401162	3574227
KOSPI	20151211	194862	-345	-0.18	373906	4020271
KOSPI	20151214	192782	-2080	-1.07	425668	4022027
KOSPI	20151217	197796	856	0.43	374572	3850731
KOSPI	20151223	199922	666	0.33	487032	3918294
KOSPI	20151229	196631	225	0.11	395493	3757607
KOSPI	20160106	192543	-510	-0.26	585978	5917977
KOSPI	20160112	189086	-398	-0.21	290808	3787415
KOSPI	20160115	187887	-2114	-1.11	303991	4391132
KOSPI	20160118	187845	-42	-0.02	273261	4056222
KOSPI	20160121	184053	-492	-0.27	424485	4729614
KOSPI	20160127	189787	2618	1.4	345542	4999182
KOSPI	20160202	190660	-1822	-0.95	407067	4552972
KOSPI	20160205	191779	153	0.08	290560	4245650
KOSPI	20160211	186154	-5625	-2.93	381071	4635376
KOSPI	20160217	188394	-436	-0.23	333899	5061065
KOSPI	20160223	191422	-214	-0.11	323952	3948979
KOSPI	20160226	192016	159	0.08	268811	3964062
KOSPI	20160229	191666	-350	-0.18	271547	4534806
KOSPI	20160304	195563	-254	-0.13	312175	4491198
KOSPI	20160307	195787	224	0.11	340260	4611978
KOSPI	20160310	196933	1638	0.84	346406	5055951
KOSPI	20160316	197490	493	0.25	289945	4055964
KOSPI	20160322	199681	705	0.35	379381	4416765
KOSPI	20160325	198381	-216	-0.11	457306	3751912
KOSPI	20160328	198254	-127	-0.06	405980	3365429
KOSPI	20160331	199585	-629	-0.31	322879	4840902
KOSPI	20160406	197132	858	0.44	318532	4299791
KOSPI	20160412	198132	1095	0.56	372146	3861385
KOSPI	20160415	201471	-122	-0.06	313110	4428494
KOSPI	20160418	200910	-561	-0.28	334757	4247470
KOSPI	20160421	202210	1627	0.81	387844	4714212
KOSPI	20160427	201540	-423	-0.21	407874	5312008
KOSPI	20160502	197815	-1600	-0.8	324975	3849348
KOSPI	20160511	198010	-240	-0.12	393495	4363815
KOSPI	20160517	196806	15	0.01	590808	5414916
KOSPI	20160520	194767	89	0.05	383159	4399090
KOSPI	20160523	195525	758	0.39	393845	4011176
KOSPI	20160526	195706	-345	-0.18	551033	4991688
KOSPI	20160601	198272	-68	-0.03	496335	5314023
KOSPI	20160607	201163	2579	1.3	472781	5459279
KOSPI	20160610	201763	-654	-0.32	399304	4711178
KOSPI	20160613	197906	-3857	-1.91	437223	4530726
KOSPI	20160616	195199	-1684	-0.86	432990	4386606
KOSPI	20160622	199258	988	0.5	401930	3945907
KOSPI	20160628	193622	937	0.49	368239	4360447
KOSPI	20160706	195312	-3673	-1.85	451690	4683910
KOSPI	20160712	199123	269	0.14	427454	4404322
KOSPI	20160715	201726	849	0.42	473600	4557938
KOSPI	20160718	202111	385	0.19	376256	3489650
KOSPI	20160721	201222	-324	-0.16	387481	3847464
KOSPI	20160727	202505	-229	-0.11	402253	4433731
KOSPI	20160802	201903	-1058	-0.52	406730	4276282
KOSPI	20160805	201794	1791	0.9	286194	4111197
KOSPI	20160808	203112	1318	0.65	266150	4091338
KOSPI	20160811	204880	416	0.2	342509	4425839
KOSPI	20160817	204375	-401	-0.2	387570	4305865
KOSPI	20160823	204993	777	0.38	355698	4351053
KOSPI	20160826	203750	-542	-0.27	268858	3693648
KOSPI	20160829	203235	-515	-0.25	314352	3800430
KOSPI	20160901	203272	-193	-0.09	297416	4310587
KOSPI	20160907	206188	-465	-0.23	678000	4985771
KOSPI	20160913	199936	788	0.4	432413	5076199
KOSPI	20160919	201578	1642	0.82	427973	4820774
KOSPI	20160922	204970	1371	0.67	437636	4161116
KOSPI	20160928	205306	-976	-0.47	539365	3949322
KOSPI	20161006	206530	1230	0.6	332833	5235955
KOSPI	20161012	203373	180	0.09	292454	4683797
KOSPI	20161018	204043	1282	0.63	300936	3805655
KOSPI	20161021	203300	-760	-0.37	257354	3424245
KOSPI	20161024	204774	1474	0.73	247963	3441704
KOSPI	20161027	202412	1023	0.51	280449	4492186
KOSPI	20161102	197894	-2845	-1.42	328774	4303689
KOSPI	20161108	200338	580	0.29	235887	3152891
KOSPI	20161111	198443	-1817	-0.91	379565	6645343
KOSPI	20161114	197440	-1003	-0.51	344780	4985505
KOSPI	20161117	198055	90	0.05	267152	3483176
KOSPI	20161123	198795	448	0.23	298705	4196236
KOSPI	20161129	197839	26	0.01	210141	4037406
KOSPI	20161201	198375	27	0.01	214227	3888106
KOSPI	20161207	199189	203	0.1	201916	3614784
KOSPI	20161213	203598	874	0.43	377722	4126128
KOSPI	20161216	204224	559	0.27	266986	3771592
KOSPI	20161219	203839	-385	-0.19	246904	2932568
KOSPI	20161222	203573	-223	-0.11	269575	3140021
KOSPI	20161228	202449	-1768	-0.87	352646	3017913
KOSPI	20170102	202616	-30	-0.01	227408	2597539
KOSPI	20170105	204195	-369	-0.18	525273	3995652
KOSPI	20170111	207517	3005	1.47	331101	4420141
KOSPI	20170117	207187	770	0.37	593844	4106414
KOSPI	20170120	206561	-718	-0.35	386847	3981141
KOSPI	20170123	206599	38	0.02	439855	3662759
KOSPI	20170126	208359	1665	0.81	254645	4260535
KOSPI	20170201	208048	1291	0.62	440567	4362694
KOSPI	20170207	207521	-245	-0.12	268792	4018210
KOSPI	20170210	207508	920	0.45	309483	4761254
KOSPI	20170213	207865	357	0.17	284956	3896740
KOSPI	20170216	208184	-202	-0.1	324115	4235001
KOSPI	20170222	210661	368	0.17	305328	3947747
KOSPI	20170228	209164	612	0.29	384438	4931259
KOSPI	20170303	207875	-2390	-1.14	407598	4968494
KOSPI	20170306	208136	261	0.13	392183	4562473
KOSPI	20170309	209106	-435	-0.21	400093	4871564
KOSPI	20170315	213300	-78	-0.04	370081	4809634
KOSPI	20170321	217838	2137	0.99	299277	5387142
KOSPI	20170324	216895	-377	-0.17	354061	5045821
KOSPI	20170327	215566	-1329	-0.61	390904	5023054
KOSPI	20170330	216464	-234	-0.11	633510	4307152
KOSPI	20170405	216085	-25	-0.01	565731	4756025
KOSPI	20170411	212385	-947	-0.44	460270	4015334
KOSPI	20170414	213488	-1373	-0.64	343005	3316400
KOSPI	20170417	214576	1088	0.51	255697	3627597
KOSPI	20170420	214915	1075	0.5	262011	4913095
KOSPI	20170426	220784	1099	0.5	392619	5233091
KOSPI	20170504	224124	2157	0.97	258349	4558852
KOSPI	20170510	227012	-2264	-0.99	418074	9246965
KOSPI	20170516	229533	468	0.2	360348	6030190
KOSPI	20170519	228848	166	0.07	415240	5781274
KOSPI	20170522	230403	1555	0.68	334555	5746823
KOSPI	20170525	234293	2559	1.1	365865	6202405
KOSPI	20170531	234738	370	0.16	547956	8074174
KOSPI	20170609	238169	1812	0.77	511622	7079217
KOSPI	20170612	235787	-2382	-1.0	324051	5706480
KOSPI	20170615	236165	-1099	-0.46	331182	5782641
KOSPI	20170621	235753	-1170	-0.49	356210	6342246
KOSPI	20170627	239195	329	0.14	289294	5288171
KOSPI	20170630	239179	-387	-0.16	332846	5006232
KOSPI	20170705	238835	783	0.33	329425	4653208
KOSPI	20170711	239600	1390	0.58	280579	4828173
KOSPI	20170714	241463	514	0.21	227567	4923178
KOSPI	20170717	242510	1047	0.43	252165	4819688
KOSPI	20170720	244184	1190	0.49	246842	5273110
KOSPI	20170726	243451	-539	-0.22	332744	6381831
KOSPI	20170801	242296	2025	0.84	259277	5507918
KOSPI	20170804	239545	860	0.36	270613	4964700
KOSPI	20170807	239875	330	0.14	240716	4347068
KOSPI	20170810	235947	-892	-0.38	277743	6170553
KOSPI	20170816	234826	1404	0.6	265554	6083455
KOSPI	20170822	236533	1033	0.44	245756	3827475
KOSPI	20170825	237851	267	0.11	337558	4550255
KOSPI	20170828	237030	-821	-0.35	224349	3938851
KOSPI	20170831	236319	-910	-0.38	256744	5118788
KOSPI	20170906	231982	-680	-0.29	248852	5219225
KOSPI	20170912	236547	639	0.27	328353	4858629
KOSPI	20170915	238607	841	0.35	290977	6169399
KOSPI	20170918	241821	3214	1.35	267261	5129632
KOSPI	20170921	240650	-570	-0.24	323029	5255344
KOSPI	20170927	237257	-175	-0.07	197422	4329844
KOSPI	20171011	245816	2435	1.0	193818	5661122
KOSPI	20171017	248437	432	0.17	193143	5235998
KOSPI	20171020	248954	1648	0.67	310206	5583132
KOSPI	20171023	249005	51	0.02	271631	4700464
KOSPI	20171026	248063	-1187	-0.48	638066	7053012
KOSPI	20171101	255647	3304	1.31	356826	7391095
KOSPI	20171107	254544	-397	-0.16	228782	5256211
KOSPI	20171110	254295	-762	-0.3	287091	5374842
KOSPI	20171113	253035	-1260	-0.5	263652	6005419
KOSPI	20171116	253479	1654	0.66	296914	5544638
KOSPI	20171122	254051	981	0.39	477887	7050941
KOSPI	20171128	251419	638	0.25	335316	6153942
KOSPI	20171206	247437	-3575	-1.42	503764	6566485
KOSPI	20171212	246100	-1049	-0.42	276731	5067775
KOSPI	20171215	248207	1259	0.51	334880	5827241
KOSPI	20171218	248188	-19	-0.01	320277	4386470
KOSPI	20171221	242983	-4254	-1.72	244206	5244389
KOSPI	20171227	243667	933	0.38	191010	4780622
KOSPI	20180104	246646	-1989	-0.8	329629	6793010
KOSPI	20180110	249975	-1048	-0.42	440082	8436244
KOSPI	20180116	252174	1801	0.72	337355	6468572
KOSPI	20180119	252026	445	0.18	345210	6144398
KOSPI	20180122	250211	-1815	-0.72	311820	6071963
KOSPI	20180125	256223	2423	0.95	507159	7681633
KOSPI	20180131	256646	-128	-0.05	396901	10734828
KOSPI	20180206	245331	-3844	-1.54	568137	9287236
KOSPI	20180209	236377	-4385	-1.82	479069	8338662
KOSPI	20180212	238538	2161	0.91	344787	6418943
KOSPI	20180221	242965	1453	0.6	426468	5965325
KOSPI	20180227	245614	-151	-0.06	267033	5529977
KOSPI	20180302	240216	-2520	-1.04	313216	5922137
KOSPI	20180305	237506	-2710	-1.13	304709	5661399
KOSPI	20180308	243308	3126	1.3	390663	8874554
KOSPI	20180314	248608	-841	-0.34	357035	6258941
KOSPI	20180320	248552	1049	0.42	286351	5258085
KOSPI	20180323	241676	-7926	-3.18	452529	7821183
KOSPI	20180326	243708	2032	0.84	303483	5856428
KOSPI	20180329	243637	1708	0.71	328350	6778118
KOSPI	20180404	240806	-3437	-1.41	544684	7949411
KOSPI	20180410	245074	666	0.27	352614	7394092
KOSPI	20180413	245507	1236	0.51	391735	6811500
KOSPI	20180416	245749	242	0.1	338976	6081546
KOSPI	20180419	248610	612	0.25	718263	9996097
KOSPI	20180425	244881	-1533	-0.62	455297	7193519
KOSPI	20180503	248725	-1836	-0.73	595878	7424016
KOSPI	20180509	244398	-583	-0.24	581993	8874001
KOSPI	20180515	245854	-1757	-0.71	701110	9199653
KOSPI	20180518	246065	1220	0.5	424422	6349266
KOSPI	20180521	246557	492	0.2	570415	5970839
KOSPI	20180524	246601	-590	-0.24	630651	6674083
KOSPI	20180530	240903	-4822	-1.96	565116	8868746
KOSPI	20180605	245376	600	0.25	485339	6918184
KOSPI	20180608	245158	-1900	-0.77	510912	7199163
KOSPI	20180611	247015	1857	0.76	414291	6812991
KOSPI	20180614	242348	-4535	-1.84	524315	9453450
KOSPI	20180620	236391	2380	1.02	446636	6801341
KOSPI	20180626	235092	-696	-0.3	460975	6330085
KOSPI	20180629	232613	1189	0.51	389705	6152227
KOSPI	20180704	226546	-730	-0.32	310960	4772554
KOSPI	20180710	229416	836	0.37	329363	4769153
KOSPI	20180713	231090	2584	1.13	286351	6388189
KOSPI	20180716	230199	-891	-0.39	293260	4893528
KOSPI	20180719	228229	-782	-0.34	458752	5346881
KOSPI	20180725	227303	-717	-0.31	305498	6021916
KOSPI	20180731	229526	175	0.08	217651	4793619
KOSPI	20180803	228768	1748	0.77	265613	4128426
KOSPI	20180806	228650	-118	-0.05	241153	4520090
KOSPI	20180809	230371	226	0.1	238149	5838088
KOSPI	20180821	227006	2218	0.99	290503	5093280
KOSPI	20180824	229321	1061	0.46	340999	5052457
KOSPI	20180827	229930	609	0.27	300061	5666862
KOSPI	20180830	230735	-168	-0.07	281989	5137978
KOSPI	20180905	229177	-2395	-1.03	352026	5220209
KOSPI	20180911	228320	-546	-0.24	361475	5705258
KOSPI	20180914	231825	3202	1.4	283774	5489272
KOSPI	20180917	230301	-1524	-0.66	339317	4942568
KOSPI	20180920	232345	1499	0.65	283961	6329710
KOSPI	20181001	233888	-419	-0.18	272609	5427373
KOSPI	20181004	227449	-3508	-1.52	304578	7461319
KOSPI	20181010	222861	-2522	-1.12	348867	6313102
KOSPI	20181016	214512			215108	3815383
KOSPI	20181019	215626	795	0.37	343657	4722913
KOSPI	20181022	216171	545	0.25	303503	3836728
KOSPI	20181025	206330	-3428	-1.63	364818	7258359
KOSPI	20181031	202969	1500	0.74	366579	6226668
KOSPI	20181106	208962	1270	0.61	307933	5007974
KOSPI	20181109	208609	-654	-0.31	292935	5153125
KOSPI	20181112	208044	-565	-0.27	291483	5445340
KOSPI	20181115	208806	2001	0.97	346712	4632958
KOSPI	20181121	207655	-603	-0.29	262007	4959579
KOSPI	20181127	209942	1640	0.79	235145	4413843
KOSPI	20181130	209686	-1724	-0.82	413390	6923913
KOSPI	20181205	210131	-1304	-0.62	484114	4660341
KOSPI	20181211	205297	-82	-0.04	267011	4911710
KOSPI	20181214	206938	-2617	-1.25	439541	5583989
KOSPI	20181217	207109	171	0.08	438220	4630980
KOSPI	20181220	206012	-1872	-0.9	412812	5320912
KOSPI	20181226	202801	-2700	-1.31	314188	5336856
KPI200	20150107	24053	60	0.25	53965	2578977
KPI200	20150113	24629	59	0.24	59082	3208950
KPI200	20150116	24222	-354	-1.44	71625	2903012
KPI200	20150119	24478	256	1.06	62243	2445840
KPI200	20150122	24847	-12	-0.05	75301	3243813
KPI200	20150128	25221	1		83694	3667384
KPI200	20150203	25038	-23	-0.09	77924	3318165
KPI200	20150206	25016	38	0.15	70015	3532325
KPI200	20150209	24926	-90	-0.36	64228	3071286
KPI200	20150212	24771	-69	-0.28	65373	2964684
KPI200	20150224	25128	48	0.19	60238	2738034
KPI200	20150227	25146	-147	-0.58	78975	3745739
KPI200	20150302	25365	219	0.87	88627	3950493
KPI200	20150305	25416	-15	-0.06	57214	2613847
KPI200	20150311	25216	41	0.16	78524	4140967
KPI200	20150317	25818	574	2.27	84298	4009245
KPI200	20150320	25870	-29	-0.11	80108	3792135
KPI200	20150323	25895	25	0.1	82324	3451267
KPI200	20150326	25599	-295	-1.14	77581	3711508
KPI200	20150401	25497	-231	-0.9	82271	3528375
KPI200	20150407	25688	-5	-0.02	73527	3163498
KPI200	20150410	26195	362	1.4	103034	4210751
KPI200	20150413	26348	153	0.58	122019	4900117
KPI200	20150416	26845	268	1.01	112043	5214233
KPI200	20150422	26864	47	0.18	134908	5520225
KPI200	20150428	26855	-150	-0.56	99548	4415090
KPI200	20150506	26403	-330	-1.23	102556	4036252
KPI200	20150512	26142	-7	-0.03	77446	3202087
KPI200	20150515	26133	-236	-0.89	75197	3542663
KPI200	20150518	26197	64	0.24	80904	3791755
KPI200	20150521	26266	-270	-1.02	83409	3668118
KPI200	20150527	26016	-525	-1.98	102059	5972058
KPI200	20150602	25629	-245	-0.95	113200	4769247
KPI200	20150605	25494	-53	-0.21	92976	4416870
KPI200	20150608	25421	-73	-0.29	83899	3922031
KPI200	20150611	25232	21	0.08	127276	5370316
KPI200	20150617	24908	59	0.24	70323	3623487
KPI200	20150623	25452	353	1.41	81994	3606236
KPI200	20150626	25448	68	0.27	82020	3997722
KPI200	20150629	25126	-322	-1.27	88132	3970479
KPI200	20150701	25507	280	1.11	84736	4042044
KPI200	20150707	24805	-25	-0.1	148225	5387574
KPI200	20150710	24683	6	0.02	99323	4364264
KPI200	20150713	24984	301	1.22	117824	4316394
KPI200	20150716	25147	182	0.73	142775	4423892
KPI200	20150722	24788	-247	-0.99	95103	4064096
KPI200	20150728	24521	23	0.09	94384	4332292
KPI200	20150731	24430	69	0.28	94378	4502043
KPI200	20150803	24148	-282	-1.15	77574	3613878
KPI200	20150806	24004	-308	-1.27	82336	4071885
KPI200	20150812	23724	-67	-0.28	102155	4627437
KPI200	20150818	23520	-17	-0.07	77870	3416931
KPI200	20150821	22714	-445	-1.92	103092	4596366
KPI200	20150824	22153	-561	-2.47	113724	4502059
KPI200	20150827	22894	123	0.54	105344	4727494
KPI200	20150902	22991	36	0.16	78426	3596981
KPI200	20150908	22776	45	0.2	81112	3285894
KPI200	20150911	23374	-344	-1.45	64450	2899600
KPI200	20150914	23306	-68	-0.29	60114	2692587
KPI200	20150917	23929	51	0.21	83604	3856295
KPI200	20150923	23426	-442	-1.85	68376	3268803
KPI200	20151001	23862	191	0.81	60771	3140431
KPI200	20151007	24352	334	1.39	62788	3874722
KPI200	20151013	24604	-45	-0.18	70545	3252115
KPI200	20151016	24737	-52	-0.21	61928	2781908
KPI200	20151019	24747	10	0.04	53564	2401038
KPI200	20151022	24722	-203	-0.81	88024	4179713
KPI200	20151028	24979	-25	-0.1	79455	3647924
KPI200	20151103	25212	152	0.61	90900	4218736
KPI200	20151106	25025	-154	-0.61	74329	2745825
KPI200	20151109	24921	-104	-0.42	74526	3927370
KPI200	20151112	24514	-72	-0.29	48461	2223061
KPI200	20151118	24144	18	0.07	78826	2880774
KPI200	20151124	24751	159	0.65	67819	2986228
KPI200	20151127	24907	-36	-0.14	65511	2455276
KPI200	20151130	24424	-483	-1.94	115702	4939631
KPI200	20151202	24660	-210	-0.84	54730	2491296
KPI200	20151208	23923	-145	-0.6	62614	2357503
KPI200	20151211	24035	-25	-0.1	60032	2796094
KPI200	20151214	23817	-218	-0.91	66404	2705996
KPI200	20151217	24417	68	0.28	62474	2681016
KPI200	20151223	24653	105	0.43	62154	2496049
KPI200	20151229	24122	-57	-0.24	61073	2475289
KPI200	20160106	23460	-153	-0.65	84007	3836611
KPI200	20160112	23055	-28	-0.12	70396	2694968
KPI200	20160115	22878	-260	-1.12	95210	3321677
KPI200	20160118	22859	-19	-0.08	78431	3074388
KPI200	20160121	22381	-73	-0.33	140175	3543735
KPI200	20160127	23096	377	1.66	91780	3793099
KPI200	20160202	23110	-257	-1.1	84978	2980869
KPI200	20160205	23330	39	0.17	78678	3051878
KPI200	20160211	22670	-660	-2.83	82412	3362324
KPI200	20160217	23194	42	0.18	92561	3913030
KPI200	20160223	23503	8	0.03	69643	2940475
KPI200	20160226	23522	-15	-0.06	69245	3008633
KPI200	20160229	23463	-59	-0.25	78996	3519963
KPI200	20160304	23974	-35	-0.15	114358	3477173
KPI200	20160307	24021	47	0.2	132769	3563774
KPI200	20160310	24143	230	0.96	82015	3825533
KPI200	20160316	24235	52	0.22	72666	3062569
KPI200	20160322	24541	113	0.46	72808	3020412
KPI200	20160325	24379	-29	-0.12	72500	2588402
KPI200	20160328	24395	16	0.07	103076	2256363
KPI200	20160331	24586	-68	-0.28	84361	3577490
KPI200	20160406	24199	141	0.59	71163	3117088
KPI200	20160412	24371	165	0.68	100744	2696410
KPI200	20160415	24853	-36	-0.14	97106	3364924
KPI200	20160418	24800	-53	-0.21	81568	3090395
KPI200	20160421	24939	213	0.86	86978	3416738
KPI200	20160427	24869	-23	-0.09	160629	4060971
KPI200	20160502	24347	-173	-0.71	78236	2613250
KPI200	20160511	24307	-61	-0.25	86508	2929550
KPI200	20160517	24103	21	0.09	70221	2711051
KPI200	20160520	23874	-30	-0.13	65037	2553771
KPI200	20160523	23985	111	0.46	57276	2292248
KPI200	20160526	24058	-33	-0.14	127674	3095667
KPI200	20160601	24358	-5	-0.02	78096	3394344
KPI200	20160607	24785	346	1.42	78420	3784320
KPI200	20160610	24896	-123	-0.49	88296	3469317
KPI200	20160613	24405	-491	-1.97	77165	3185874
KPI200	20160616	24161	-169	-0.69	82355	3135535
KPI200	20160622	24675	141	0.57	63993	2683349
KPI200	20160628	24008	80	0.33	78300	3106474
KPI200	20160706	24186	-505	-2.05	70620	3296050
KPI200	20160712	24714	15	0.06	71899	2949184
KPI200	20160715	25102	122	0.49	74613	3250516
KPI200	20160718	25152	50	0.2	54872	2495008
KPI200	20160721	25044	-22	-0.09	62925	2739930
KPI200	20160727	25273	1		73611	3352987
KPI200	20160802	25193	-188	-0.74	61273	2729696
KPI200	20160805	25236	312	1.25	61143	2994478
KPI200	20160808	25411	175	0.69	63562	3129665
KPI200	20160811	25618	75	0.29	92281	3236775
KPI200	20160817	25604	-11	-0.04	63015	2783763
KPI200	20160823	25842	115	0.45	64141	3124365
KPI200	20160826	25623	-103	-0.4	52950	2622195
KPI200	20160829	25649	26	0.1	62160	2625006
KPI200	20160901	25603	-84	-0.33	55366	3147565
KPI200	20160907	26031	-62	-0.24	67917	3145225
KPI200	20160913	25177	124	0.49	73037	3728651
KPI200	20160919	25393	216	0.86	57950	3334126
KPI200	20160922	25834	182	0.71	58806	2740554
KPI200	20160928	25821	-136	-0.52	58032	2482147
KPI200	20161006	26113	214	0.83	64307	4063567
KPI200	20161012	25620	5	0.02	61201	3763593
KPI200	20161018	25798	179	0.7	58033	2798684
KPI200	20161021	25726	-115	-0.45	51658	2482633
KPI200	20161024	25948	222	0.86	52426	2598148
KPI200	20161027	25666	114	0.45	52848	3025843
KPI200	20161102	25283	-316	-1.23	66233	3043505
KPI200	20161108	25526	66	0.26	46037	2206427
KPI200	20161111	25199	-332	-1.3	100221	4142048
KPI200	20161114	25001	-198	-0.79	99175	3479356
KPI200	20161117	25046	14	0.06	66629	2544009
KPI200	20161123	25366	129	0.51	61461	3015905
KPI200	20161129	25291	-5	-0.02	48890	3083750
KPI200	20161201	25448	22	0.09	58115	3063827
KPI200	20161207	25634	71	0.28	53908	2852581
KPI200	20161213	26163	91	0.35	77389	2999205
KPI200	20161216	26256	111	0.42	58979	2887673
KPI200	20161219	26193	-63	-0.24	46328	2111876
KPI200	20161222	26197	-13	-0.05	51802	2277311
KPI200	20161228	25970	-279	-1.06	53823	2263209
KPI200	20170102	26036	35	0.13	36693	1856333
KPI200	20170105	26198	-114	-0.43	69656	2898820
KPI200	20170111	26815	442	1.68	74713	3455346
KPI200	20170117	26737	122	0.46	63397	2606052
KPI200	20170120	26652	-118	-0.44	54283	2585796
KPI200	20170123	26712	60	0.23	55456	2472275
KPI200	20170126	27048	233	0.87	69000	3419573
KPI200	20170201	26956	147	0.55	64840	3250945
KPI200	20170207	26897	-52	-0.19	70260	3138015
KPI200	20170210	26866	97	0.36	81252	3659012
KPI200	20170213	26881	15	0.06	70111	2992090
KPI200	20170216	26893	12	0.04	64520	3134801
KPI200	20170222	27285	74	0.27	63505	2982864
KPI200	20170228	27006	109	0.41	86062	3946705
KPI200	20170303	26977	-288	-1.06	76412	3931142
KPI200	20170306	27041	64	0.24	71184	3553351
KPI200	20170309	27162	-67	-0.25	69696	3360037
KPI200	20170315	27789			70961	3255827
KPI200	20170321	28384	309	1.1	81376	4209179
KPI200	20170324	28231	-50	-0.18	69544	3773118
KPI200	20170327	28036	-195	-0.69	69514	3409274
KPI200	20170330	28166	-20	-0.07	56456	2888861
KPI200	20170405	28074	-18	-0.06	71884	3203800
KPI200	20170411	27549	-172	-0.62	58158	2640835
KPI200	20170414	27731	-181	-0.65	43800	2070641
KPI200	20170417	27810	79	0.28	46967	2260444
KPI200	20170420	27776	127	0.46	68259	3799775
KPI200	20170426	28678	137	0.48	83207	3962375
KPI200	20170504	29247	282	0.97	63699	3329343
KPI200	20170510	29619	-367	-1.22	126203	6978264
KPI200	20170516	29967	80	0.27	92050	4251114
KPI200	20170519	29808	-39	-0.13	73658	4276116
KPI200	20170522	30063	255	0.86	69187	4359393
KPI200	20170525	30522	351	1.16	99271	4602407
KPI200	20170531	30467	8	0.03	112031	5649068
KPI200	20170609	30938	313	1.02	117480	5470567
KPI200	20170612	30624	-314	-1.01	94721	4592194
KPI200	20170615	30669	-126	-0.41	94314	4552634
KPI200	20170621	30752	-179	-0.58	99883	5152106
KPI200	20170627	31212	23	0.07	79917	4372383
KPI200	20170630	31176	-80	-0.26	72533	4147695
KPI200	20170705	31177	131	0.42	66864	3721773
KPI200	20170711	31359	213	0.68	85098	3938865
KPI200	20170714	31735	100	0.32	73860	4024403
KPI200	20170717	31852	117	0.37	73992	3857050
KPI200	20170720	32061	170	0.53	78199	4171437
KPI200	20170726	31946	-69	-0.22	95786	5202598
KPI200	20170801	31704	244	0.78	80790	4239764
KPI200	20170804	31346	117	0.37	78014	4034308
KPI200	20170807	31396	50	0.16	66932	3489657
KPI200	20170810	30837	-115	-0.37	100917	5092502
KPI200	20170816	30716	223	0.73	88517	4968519
KPI200	20170822	30934	120	0.39	61677	2889331
KPI200	20170825	31121	48	0.15	72781	3572678
KPI200	20170828	30953	-168	-0.54	63203	3138816
KPI200	20170831	30828	-137	-0.44	92973	4152440
KPI200	20170906	30318	-88	-0.29	90025	4251550
KPI200	20170912	31042	59	0.19	68842	3637794
KPI200	20170915	31369	117	0.37	89359	5005428
KPI200	20170918	31893	524	1.67	76596	4269744
KPI200	20170921	31825	-23	-0.07	88388	4329000
KPI200	20170927	31382	-47	-0.15	63517	3636741
KPI200	20171011	32612	363	1.13	82245	4919593
KPI200	20171017	32851	69	0.21	75949	4390566
KPI200	20171020	32889	242	0.74	98613	4756337
KPI200	20171023	32945	56	0.17	74400	3918137
KPI200	20171026	32699	-232	-0.7	98700	5762589
KPI200	20171101	33876	519	1.56	92378	6113592
KPI200	20171107	33676	-64	-0.19	90916	4388030
KPI200	20171110	33596	-118	-0.35	84146	4201546
KPI200	20171113	33433	-163	-0.49	90165	4884795
KPI200	20171116	33436	219	0.66	81496	4249848
KPI200	20171122	33549	198	0.59	110530	5104732
KPI200	20171128	33099	146	0.44	82802	4637760
KPI200	20171206	32452	-509	-1.54	128222	4633013
KPI200	20171212	32407	-102	-0.31	88687	3834995
KPI200	20171215	32623	149	0.46	124923	4688438
KPI200	20171218	32660	37	0.11	102642	3518007
KPI200	20171221	31972	-607	-1.86	85390	4418300
KPI200	20171227	32025	136	0.43	73666	3979280
KPI200	20180104	32458	-255	-0.78	105683	5612328
KPI200	20180110	32761	-264	-0.8	139401	6828262
KPI200	20180116	33002	263	0.8	106649	4849158
KPI200	20180119	32952	39	0.12	92631	4606766
KPI200	20180122	32627	-325	-0.99	78433	4485370
KPI200	20180125	33408	317	0.96	120435	5537793
KPI200	20180131	33338	-2	-0.01	112492	8795798
KPI200	20180206	31801	-528	-1.63	124979	6642805
KPI200	20180209	30483	-679	-2.18	101466	5392484
KPI200	20180212	30813	330	1.08	81263	4125310
KPI200	20180221	31447	164	0.52	59992	3695020
KPI200	20180227	31683	-51	-0.16	67918	3679056
KPI200	20180302	30835	-451	-1.44	81868	4011801
KPI200	20180305	30458	-377	-1.22	65848	3375465
KPI200	20180308	31478	364	1.17	91479	4995569
KPI200	20180314	32199	-99	-0.31	74841	4749448
KPI200	20180320	32179	144	0.45	63695	3722024
KPI200	20180323	31242	-1090	-3.37	101615	5590087
KPI200	20180326	31489	247	0.79	81668	4389274
KPI200	20180329	31382	201	0.64	83676	5117417
KPI200	20180404	30854	-484	-1.54	137891	5591015
KPI200	20180410	31394	49	0.16	90305	5189431
KPI200	20180413	31486	164	0.52	91964	4557922
KPI200	20180416	31517	31	0.1	68113	3750705
KPI200	20180419	32012	148	0.46	115118	6513572
KPI200	20180425	31399	-187	-0.59	79208	5122345
KPI200	20180503	32055	-198	-0.61	106429	5071364
KPI200	20180509	31442	-145	-0.46	120949	6449523
KPI200	20180515	31494	-278	-0.87	125102	5943597
KPI200	20180518	31537	108	0.34	82512	4123152
KPI200	20180521	31625	88	0.28	83383	3814185
KPI200	20180524	31748	-83	-0.26	81642	4212822
KPI200	20180530	30926	-694	-2.19	130260	6572798
KPI200	20180605	31576	92	0.29	96639	4734123
KPI200	20180608	31497	-270	-0.85	95622	4915835
KPI200	20180611	31722	225	0.71	100872	4624362
KPI200	20180614	31120	-564	-1.78	143083	7091666
KPI200	20180620	30402	267	0.89	100568	4992279
KPI200	20180626	30276	-61	-0.2	93125	4544571
KPI200	20180629	29966	140	0.47	90089	4450806
KPI200	20180704	29226	-109	-0.37	65145	3409637
KPI200	20180710	29619	99	0.34	71080	3235064
KPI200	20180713	29865	424	1.44	87214	4569377
KPI200	20180716	29737	-128	-0.43	68484	3520145
KPI200	20180719	29590	-57	-0.19	84065	3889454
KPI200	20180725	29485	-64	-0.22	84773	4678249
KPI200	20180731	29745	16	0.05	70640	3612651
KPI200	20180803	29561	206	0.7	61129	3062365
KPI200	20180806	29524	-37	-0.13	69108	3471838
KPI200	20180809	29741	22	0.07	84943	4929473
KPI200	20180821	29193	332	1.15	78660	3894374
KPI200	20180824	29554	125	0.42	69242	3337963
KPI200	20180827	29683	129	0.44	84544	3910636
KPI200	20180830	29805			79325	3768170
KPI200	20180905	29496	-384	-1.29	80010	3614064
KPI200	20180911	29246	-124	-0.42	79476	4025122
KPI200	20180914	29729	487	1.67	78678	3815782
KPI200	20180917	29523	-206	-0.69	63340	3300087
KPI200	20180920	29904	240	0.81	96144	4939029
KPI200	20181001	30017	-34	-0.11	75216	3887122
KPI200	20181004	29178	-475	-1.6	105137	5702839
KPI200	20181010	28785	-206	-0.71	105317	4909945
KPI200	20181016	27690	-29	-0.1	59198	2853246
KPI200	20181019	27863	115	0.41	73057	3550894
KPI200	20181022	27940	77	0.28	61332	2849634
KPI200	20181025	26672	-464	-1.71	114000	6155618
KPI200	20181031	26401	154	0.59	105984	4948719
KPI200	20181106	27157	150	0.56	75910	4017386
KPI200	20181109	27133	-78	-0.29	79760	4053652
KPI200	20181112	27157	24	0.09	77111	4434409
KPI200	20181115	27154	266	0.99	72804	3522952
KPI200	20181121	26827	-131	-0.49	79375	3726326
KPI200	20181127	27208	229	0.85	70202	3425260
KPI200	20181130	27135	-281	-1.02	127799	5477320
KPI200	20181205	27149	-180	-0.66	73743	3232728
KPI200	20181211	26469	-66	-0.25	69211	4055323
KPI200	20181214	26555	-386	-1.43	96505	4309139
KPI200	20181217	26633	78	0.29	70381	3304529
KPI200	20181220	26481	-250	-0.94	78874	3894782
KPI200	20181226	26098	-347	-1.31	91380	4313726
