itemcode	itemname	date	close_val	change_val	open_val	high_val	low_val
COM@GC	국제 금	20150107	1210.6	-8.7	1219.2	1219.2	1210.6
COM@GC	국제 금	20150113	1234.3	1.6	1239.2	1239.3	1230.3
COM@GC	국제 금	20150116	1276.9	12.2	1256.1	1279.7	1256.1
COM@GC	국제 금	20150119	1276.6	-0.3	1278.9	1278.9	1273.8
COM@GC	국제 금	20150122	1300.7	7.0	1293.2	1302.1	1283.5
COM@GC	국제 금	20150128	1285.9	-5.8	1292.0	1293.3	1279.0
COM@GC	국제 금	20150203	1259.7	-16.5	1273.5	1284.7	1255.3
COM@GC	국제 금	20150206	1233.9	-28.1	1265.0	1267.6	1228.0
COM@GC	국제 금	20150209	1240.8	6.9	1237.5	1242.3	1235.4
COM@GC	국제 금	20150212	1220.1	1.1	1217.9	1229.8	1217.9
COM@GC	국제 금	20150218	1199.7	-8.4	1207.1	1210.2	1197.8
COM@GC	국제 금	20150224	1196.9	-3.4	1203.4	1203.5	1193.8
COM@GC	국제 금	20150227	1212.6	3.0	1207.7	1217.8	1204.5
COM@GC	국제 금	20150302	1207.7	-4.9	1214.3	1222.7	1204.9
COM@GC	국제 금	20150305	1195.9	-4.7	1201.7	1205.4	1195.9
COM@GC	국제 금	20150311	1150.7	-9.4	1162.0	1162.0	1147.7
COM@GC	국제 금	20150317	1148.3	-5.0	1153.6	1158.2	1144.3
COM@GC	국제 금	20150320	1184.8	15.7	1171.0	1185.4	1171.0
COM@GC	국제 금	20150323	1188.0	3.2	1181.6	1188.0	1181.2
COM@GC	국제 금	20150326	1205.1	7.8	1198.2	1213.7	1198.2
COM@GC	국제 금	20150401	1208.1	25.0	1182.9	1208.2	1181.0
COM@GC	국제 금	20150407	1210.6	-8.0	1214.8	1214.8	1208.2
COM@GC	국제 금	20150410	1204.6	11.0	1195.8	1209.6	1195.8
COM@GC	국제 금	20150413	1199.3	-5.3	1208.1	1208.1	1198.3
COM@GC	국제 금	20150416	1198.0	-3.5	1204.3	1208.5	1194.6
COM@GC	국제 금	20150422	1186.9	-16.0	1199.1	1202.6	1185.2
COM@GC	국제 금	20150428	1217.6	10.8	1207.5	1217.8	1204.9
COM@GC	국제 금	20150506	1194.1	-3.0	1200.0	1200.0	1193.8
COM@GC	국제 금	20150512	1192.6	9.4	1194.6	1194.8	1189.7
COM@GC	국제 금	20150515	1225.5	0.1	1218.5	1225.5	1214.8
COM@GC	국제 금	20150518	1227.8	2.3	1224.5	1228.1	1222.6
COM@GC	국제 금	20150521	1204.4	-4.5	1204.5	1204.5	1203.7
COM@GC	국제 금	20150527	1185.6	-1.3	1186.7	1190.4	1183.0
COM@GC	국제 금	20150602	1194.1	5.8	1189.0	1194.3	1186.0
COM@GC	국제 금	20150605	1167.8	-7.1	1176.4	1177.3	1164.0
COM@GC	국제 금	20150608	1173.2	5.4	1169.5	1176.1	1169.1
COM@GC	국제 금	20150611	1179.9	-6.2	1183.2	1183.2	1174.4
COM@GC	국제 금	20150617	1176.4	-4.1	1177.6	1186.3	1174.9
COM@GC	국제 금	20150623	1176.2	-7.5	1183.8	1186.0	1176.2
COM@GC	국제 금	20150626	1172.9	1.4	1173.7	1177.0	1167.5
COM@GC	국제 금	20150629	1178.5	5.6	1185.1	1186.0	1173.8
COM@GC	국제 금	20150701	1169.0	-2.5	1173.1	1173.1	1166.6
COM@GC	국제 금	20150707	1152.4	-20.5	1166.8	1166.8	1149.5
COM@GC	국제 금	20150710	1157.7	-1.3	1160.1	1161.4	1157.5
COM@GC	국제 금	20150713	1155.2	-2.5	1159.0	1159.0	1151.2
COM@GC	국제 금	20150716	1143.8	-3.4	1146.2	1146.2	1142.9
COM@GC	국제 금	20150722	1091.4	-12.0	1093.0	1095.0	1086.0
COM@GC	국제 금	20150728	1096.3	-0.2	1097.2	1097.7	1096.3
COM@GC	국제 금	20150731	1094.9	6.5	1087.7	1102.8	1079.1
COM@GC	국제 금	20150803	1089.4	-5.5	1095.5	1097.1	1085.0
COM@GC	국제 금	20150806	1090.2	4.5	1084.4	1092.2	1083.6
COM@GC	국제 금	20150812	1123.2	15.6	1106.0	1124.5	1101.5
COM@GC	국제 금	20150818	1117.1	-1.5	1118.2	1118.4	1110.0
COM@GC	국제 금	20150821	1159.6	6.6	1154.1	1166.5	1150.5
COM@GC	국제 금	20150824	1153.4	-6.2	1164.0	1169.0	1147.5
COM@GC	국제 금	20150827	1122.4	-2.3	1124.5	1127.6	1117.4
COM@GC	국제 금	20150902	1132.5	-6.2	1137.3	1140.4	1130.8
COM@GC	국제 금	20150908	1120.4	-0.2	1119.8	1124.3	1116.4
COM@GC	국제 금	20150911	1103.5	-6.0	1110.8	1111.7	1098.2
COM@GC	국제 금	20150914	1107.7	4.2	1107.8	1108.6	1104.1
COM@GC	국제 금	20150917	1117.3	-1.9	1118.6	1130.5	1117.1
COM@GC	국제 금	20150923	1131.6	6.6	1128.6	1132.2	1128.3
COM@GC	국제 금	20150929	1127.1	-4.6	1132.2	1134.4	1124.3
COM@GC	국제 금	20151001	1114.2	-1.3	1115.2	1119.0	1113.3
COM@GC	국제 금	20151007	1149.0	2.2	1147.6	1152.9	1143.0
COM@GC	국제 금	20151013	1165.8	0.9	1163.5	1166.2	1154.9
COM@GC	국제 금	20151016	1183.6	-4.3	1182.5	1184.1	1176.2
COM@GC	국제 금	20151019	1173.3	-10.3	1176.5	1177.8	1169.3
COM@GC	국제 금	20151022	1166.6	-1.0	1166.2	1168.6	1163.5
COM@GC	국제 금	20151028	1177.1	10.3	1175.1	1182.7	1175.1
COM@GC	국제 금	20151103	1114.2	-21.6	1133.3	1134.7	1114.2
COM@GC	국제 금	20151106	1087.6	-16.8	1105.2	1109.5	1084.8
COM@GC	국제 금	20151109	1087.9	0.3	1088.6	1088.6	1087.9
COM@GC	국제 금	20151112	1080.8	-3.9	1086.0	1086.6	1080.8
COM@GC	국제 금	20151118	1068.8	0.1	1064.0	1071.9	1064.0
COM@GC	국제 금	20151124	1074.3	7.5	1073.2	1079.4	1073.2
COM@GC	국제 금	20151127	1056.2	-13.8	1070.7	1074.2	1051.1
COM@GC	국제 금	20151130	1065.8	9.6	1056.5	1068.4	1052.1
COM@GC	국제 금	20151202	1054.2	-9.6	1068.7	1069.5	1049.6
COM@GC	국제 금	20151208	1076.3	-0.1	1071.0	1078.4	1069.6
COM@GC	국제 금	20151211	1076.9	3.8	1067.8	1079.4	1064.4
COM@GC	국제 금	20151214	1064.7	-12.2	1074.0	1076.7	1060.0
COM@GC	국제 금	20151217	1050.8	-27.2	1072.6	1072.6	1050.5
COM@GC	국제 금	20151223	1069.4	-5.4	1074.5	1074.8	1069.4
COM@GC	국제 금	20151229	1077.5	7.0	1079.1	1079.7	1077.5
COM@GC	국제 금	20160106	1091.9	13.5	1081.6	1093.7	1081.6
COM@GC	국제 금	20160112	1085.6	-10.9	1093.8	1098.5	1084.0
COM@GC	국제 금	20160115	1091.5	17.6	1085.0	1095.8	1081.8
COM@GC	국제 금	20160118	1089.7	-1.8	1089.8	1089.8	1089.7
COM@GC	국제 금	20160121	1099.1	-8.0	1103.6	1103.6	1094.1
COM@GC	국제 금	20160127	1116.1	-5.6	1117.8	1117.8	1115.8
COM@GC	국제 금	20160202	1127.3	-0.6	1128.3	1131.4	1123.0
COM@GC	국제 금	20160205	1157.8	0.2	1155.6	1174.8	1146.0
COM@GC	국제 금	20160208	1197.9	40.1	1173.5	1200.4	1165.0
COM@GC	국제 금	20160211	1247.9	53.2	1205.6	1260.8	1204.6
COM@GC	국제 금	20160217	1211.1	3.2	1196.5	1212.9	1196.5
COM@GC	국제 금	20160223	1222.3	12.8	1207.4	1226.1	1207.4
COM@GC	국제 금	20160226	1219.8	-18.4	1232.4	1239.1	1212.2
COM@GC	국제 금	20160229	1233.9	14.1	1218.6	1241.0	1218.6
COM@GC	국제 금	20160301	1230.3	-3.6	1240.5	1248.4	1229.0
COM@GC	국제 금	20160304	1269.9	12.5	1263.0	1279.9	1250.9
COM@GC	국제 금	20160307	1263.2	-6.7	1259.8	1272.3	1259.7
COM@GC	국제 금	20160310	1272.0	15.4	1250.0	1273.0	1237.5
COM@GC	국제 금	20160316	1229.3	-1.1	1229.5	1263.8	1228.9
COM@GC	국제 금	20160322	1248.2	4.4	1244.0	1252.4	1243.8
COM@GC	국제 금	20160328	1219.9	-1.5	1211.5	1222.2	1210.0
COM@GC	국제 금	20160331	1234.2	7.3	1225.6	1239.6	1224.5
COM@GC	국제 금	20160406	1222.5	-5.9	1230.4	1230.4	1217.6
COM@GC	국제 금	20160412	1259.4	2.7	1260.0	1261.7	1253.7
COM@GC	국제 금	20160415	1233.1	8.1	1225.7	1235.0	1225.7
COM@GC	국제 금	20160418	1233.6	0.5	1238.7	1241.1	1232.2
COM@GC	국제 금	20160421	1249.0	-4.2	1247.7	1270.6	1247.6
COM@GC	국제 금	20160427	1249.2	7.0	1248.6	1249.5	1248.6
COM@GC	국제 금	20160502	1294.7	5.5	1292.1	1304.4	1290.4
COM@GC	국제 금	20160505	1271.4	-1.9	1282.9	1286.0	1270.8
COM@GC	국제 금	20160511	1274.6	10.7	1266.9	1279.2	1266.9
COM@GC	국제 금	20160517	1276.2	2.8	1272.5	1281.6	1270.8
COM@GC	국제 금	20160520	1252.4	-1.8	1256.6	1256.6	1252.4
COM@GC	국제 금	20160523	1251.1	-1.3	1251.6	1251.6	1247.5
COM@GC	국제 금	20160526	1220.1	-3.4	1232.6	1232.6	1220.1
COM@GC	국제 금	20160601	1211.9	-2.9	1215.7	1219.8	1205.4
COM@GC	국제 금	20160607	1244.4	-0.2	1244.0	1244.9	1236.5
COM@GC	국제 금	20160610	1273.4	3.2	1267.6	1278.0	1265.3
COM@GC	국제 금	20160613	1284.4	11.0	1276.2	1287.3	1273.0
COM@GC	국제 금	20160616	1296.1	10.3	1296.3	1316.4	1281.1
COM@GC	국제 금	20160622	1268.0	-2.5	1267.0	1269.2	1264.9
COM@GC	국제 금	20160628	1315.3	-7.2	1314.8	1315.6	1314.1
COM@GC	국제 금	20160706	1364.9	8.5	1359.0	1374.9	1359.0
COM@GC	국제 금	20160712	1334.1	-20.9	1353.6	1356.0	1330.3
COM@GC	국제 금	20160715	1326.5	-4.8	1333.7	1333.7	1322.9
COM@GC	국제 금	20160718	1328.4	1.9	1327.5	1335.0	1326.2
COM@GC	국제 금	20160721	1330.5	11.7	1312.8	1330.5	1312.8
COM@GC	국제 금	20160727	1326.6	5.9	1326.0	1326.6	1326.0
COM@GC	국제 금	20160802	1364.4	13.0	1352.1	1366.0	1346.6
COM@GC	국제 금	20160805	1336.4	-22.4	1357.6	1360.8	1333.7
COM@GC	국제 금	20160808	1333.4	-3.0	1330.0	1335.4	1327.8
COM@GC	국제 금	20160811	1342.5	-1.8	1341.6	1350.4	1334.8
COM@GC	국제 금	20160817	1342.7	-7.8	1345.5	1347.3	1338.6
COM@GC	국제 금	20160823	1340.6	2.9	1337.0	1341.2	1334.3
COM@GC	국제 금	20160826	1321.5	1.4	1323.8	1340.5	1320.1
COM@GC	국제 금	20160829	1322.9	1.4	1315.0	1323.0	1315.0
COM@GC	국제 금	20160901	1312.2	5.3	1305.3	1313.1	1301.5
COM@GC	국제 금	20160907	1344.3	-5.1	1348.4	1350.5	1343.9
COM@GC	국제 금	20160913	1319.0	-2.0	1324.6	1324.6	1315.0
COM@GC	국제 금	20160916	1305.8	-7.7	1312.2	1312.6	1305.8
COM@GC	국제 금	20160919	1313.5	7.7	1313.5	1313.5	1313.5
COM@GC	국제 금	20160922	1340.4	13.5	1338.6	1340.4	1338.2
COM@GC	국제 금	20160928	1319.4	-6.5	1319.4	1319.4	1319.4
COM@GC	국제 금	20161003	1309.0	-4.3	1313.5	1316.8	1308.2
COM@GC	국제 금	20161006	1249.8	-15.4	1265.3	1265.3	1249.8
COM@GC	국제 금	20161012	1251.1	-1.9	1251.7	1254.0	1251.1
COM@GC	국제 금	20161018	1260.8	6.4	1260.9	1261.7	1260.9
COM@GC	국제 금	20161021	1265.9	0.3	1265.9	1265.9	1265.9
COM@GC	국제 금	20161024	1262.0	-3.9	1269.2	1269.2	1261.8
COM@GC	국제 금	20161027	1267.9	3.1	1269.4	1269.4	1269.4
COM@GC	국제 금	20161102	1306.8	20.4	1288.3	1307.0	1288.3
COM@GC	국제 금	20161108	1273.4	-4.9	1284.1	1289.4	1273.2
COM@GC	국제 금	20161111	1223.5	-42.0	1253.7	1258.7	1219.1
COM@GC	국제 금	20161114	1221.2	-2.3	1227.8	1229.5	1210.4
COM@GC	국제 금	20161117	1216.5	-6.9	1224.6	1225.0	1211.0
COM@GC	국제 금	20161123	1189.1	-21.9	1212.8	1213.8	1186.8
COM@GC	국제 금	20161129	1187.9	-2.9	1193.2	1194.8	1179.4
COM@GC	국제 금	20161201	1166.9	-3.9	1172.7	1174.6	1160.0
COM@GC	국제 금	20161207	1175.0	7.4	1167.7	1178.5	1166.4
COM@GC	국제 금	20161213	1156.7	-6.8	1163.5	1164.0	1155.4
COM@GC	국제 금	20161216	1135.3	7.5	1126.9	1140.9	1126.9
COM@GC	국제 금	20161219	1140.5	5.2	1139.4	1140.7	1137.9
COM@GC	국제 금	20161222	1128.8	-2.3	1131.2	1132.8	1128.3
COM@GC	국제 금	20161228	1139.4	2.1	1141.2	1141.2	1138.0
COM@GC	국제 금	20170105	1179.7	15.9	1172.0	1183.3	1171.5
COM@GC	국제 금	20170111	1195.6	11.4	1187.5	1197.0	1176.5
COM@GC	국제 금	20170117	1212.0	16.7	1205.5	1214.6	1200.8
COM@GC	국제 금	20170120	1204.3	3.4	1202.8	1212.1	1202.8
COM@GC	국제 금	20170123	1215.0	10.7	1212.0	1215.0	1210.0
COM@GC	국제 금	20170126	1189.5	-7.8	1199.7	1199.7	1185.6
COM@GC	국제 금	20170201	1205.6	-3.0	1211.9	1211.9	1197.9
COM@GC	국제 금	20170207	1234.2	4.2	1234.2	1236.2	1228.5
COM@GC	국제 금	20170210	1234.4	-0.7	1227.6	1234.4	1221.5
COM@GC	국제 금	20170213	1224.4	-10.0	1230.5	1231.1	1219.0
COM@GC	국제 금	20170216	1240.0	8.3	1234.5	1240.7	1233.2
COM@GC	국제 금	20170222	1232.0	-5.5	1236.1	1238.6	1231.8
COM@GC	국제 금	20170228	1252.6	-4.8	1253.6	1257.3	1247.2
COM@GC	국제 금	20170303	1225.5	-6.4	1231.7	1235.2	1222.9
COM@GC	국제 금	20170306	1224.5	-1.0	1235.2	1235.2	1225.7
COM@GC	국제 금	20170309	1202.4	-6.1	1204.5	1205.6	1202.3
COM@GC	국제 금	20170315	1200.1	-1.8	1198.2	1221.2	1197.7
COM@GC	국제 금	20170321	1246.1	12.5	1226.4	1246.1	1226.4
COM@GC	국제 금	20170324	1248.2	1.3	1248.0	1248.3	1247.6
COM@GC	국제 금	20170327	1255.4	7.2	1255.8	1257.7	1253.8
COM@GC	국제 금	20170330	1245.0	-8.7	1253.1	1253.6	1241.1
COM@GC	국제 금	20170405	1245.4	-9.6	1255.4	1255.4	1243.0
COM@GC	국제 금	20170411	1271.2	20.1	1254.5	1273.5	1254.5
COM@GC	국제 금	20170417	1289.4	3.5	1291.8	1294.8	1284.3
COM@GC	국제 금	20170420	1281.9	0.5	1279.7	1281.9	1276.2
COM@GC	국제 금	20170426	1262.1	-3.5	1266.0	1266.0	1262.4
COM@GC	국제 금	20170501	1253.3	-12.8	1268.7	1269.3	1254.0
COM@GC	국제 금	20170504	1226.5	-19.9	1239.8	1239.8	1224.2
COM@GC	국제 금	20170510	1217.3	3.0	1219.8	1220.2	1217.8
COM@GC	국제 금	20170516	1235.0	6.4	1230.4	1237.3	1230.4
COM@GC	국제 금	20170519	1252.7	1.0	1252.7	1252.7	1252.7
COM@GC	국제 금	20170522	1260.7	8.0	1251.7	1260.7	1251.7
COM@GC	국제 금	20170525	1255.8	3.4	1257.1	1258.3	1256.2
COM@GC	국제 금	20170531	1272.0	9.9	1262.4	1273.2	1258.5
COM@GC	국제 금	20170606	1294.4	15.1	1279.4	1295.2	1279.4
COM@GC	국제 금	20170609	1268.5	-7.8	1277.9	1277.9	1264.6
COM@GC	국제 금	20170612	1266.1	-2.4	1266.4	1269.3	1263.2
COM@GC	국제 금	20170615	1252.2	-20.6	1263.2	1264.2	1250.3
COM@GC	국제 금	20170621	1243.4	2.4	1244.1	1245.0	1240.0
COM@GC	국제 금	20170627	1246.4	0.1	1251.6	1251.8	1245.9
COM@GC	국제 금	20170630	1240.7	-3.5	1243.7	1243.7	1239.1
COM@GC	국제 금	20170705	1220.4	2.5	1222.5	1225.0	1217.1
COM@GC	국제 금	20170711	1213.6	1.5	1208.7	1214.9	1208.7
COM@GC	국제 금	20170714	1226.6	10.3	1214.9	1227.5	1214.8
COM@GC	국제 금	20170717	1232.8	6.2	1229.9	1233.4	1229.9
COM@GC	국제 금	20170720	1244.8	3.6	1236.6	1244.8	1236.6
COM@GC	국제 금	20170726	1249.0	-2.7	1244.8	1249.0	1244.8
COM@GC	국제 금	20170801	1272.6	6.0	1268.4	1273.3	1262.0
COM@GC	국제 금	20170804	1258.3	-9.5	1269.0	1269.6	1253.9
COM@GC	국제 금	20170807	1258.2	-0.1	1258.7	1259.1	1255.3
COM@GC	국제 금	20170810	1283.7	10.7	1276.6	1287.4	1274.9
COM@GC	국제 금	20170816	1276.9	3.2	1271.3	1282.6	1269.4
COM@GC	국제 금	20170822	1285.1	-5.7	1287.2	1288.4	1283.2
COM@GC	국제 금	20170825	1292.5	6.0	1285.4	1292.7	1280.3
COM@GC	국제 금	20170828	1309.7	17.2	1293.5	1311.3	1293.5
COM@GC	국제 금	20170831	1316.2	8.1	1306.6	1322.3	1301.7
COM@GC	국제 금	20170906	1333.9	-5.3	1340.0	1340.3	1332.6
COM@GC	국제 금	20170912	1328.0	-3.0	1327.0	1328.0	1325.2
COM@GC	국제 금	20170915	1320.4	-4.3	1320.6	1321.2	1319.8
COM@GC	국제 금	20170918	1306.3	-14.1	1309.8	1310.4	1306.0
COM@GC	국제 금	20170921	1290.6	-21.4	1299.1	1304.1	1290.3
COM@GC	국제 금	20170927	1283.4	-13.6	1283.4	1283.4	1283.4
COM@GC	국제 금	20171002	1272.7	-8.8	1275.0	1276.1	1270.4
COM@GC	국제 금	20171005	1269.9	-3.8	1277.8	1277.8	1267.6
COM@GC	국제 금	20171011	1285.8	-4.8	1287.3	1292.0	1284.9
COM@GC	국제 금	20171017	1283.0	-16.9	1295.1	1295.1	1283.1
COM@GC	국제 금	20171020	1277.4	-9.5	1279.6	1279.6	1277.8
COM@GC	국제 금	20171023	1278.8	0.2	1277.0	1282.2	1272.3
COM@GC	국제 금	20171026	1266.8	-9.5	1276.6	1280.5	1264.2
COM@GC	국제 금	20171101	1274.1	7.1	1272.2	1274.8	1270.3
COM@GC	국제 금	20171107	1273.7	-5.7	1276.8	1276.8	1270.4
COM@GC	국제 금	20171110	1272.4	-13.2	1283.5	1283.5	1273.8
COM@GC	국제 금	20171113	1277.3	4.9	1277.0	1277.0	1277.0
COM@GC	국제 금	20171116	1277.4	0.9	1277.5	1277.5	1277.5
COM@GC	국제 금	20171122	1291.6	10.5	1284.7	1284.7	1282.9
COM@GC	국제 금	20171128	1294.7	0.9	1294.7	1294.7	1294.7
COM@GC	국제 금	20171206	1262.8	1.2	1264.9	1267.8	1261.6
COM@GC	국제 금	20171212	1238.5	-5.2	1241.3	1244.4	1236.5
COM@GC	국제 금	20171215	1254.3	0.5	1253.1	1260.3	1253.1
COM@GC	국제 금	20171218	1262.2	7.9	1256.2	1262.4	1255.7
COM@GC	국제 금	20171221	1267.3	1.2	1266.4	1267.4	1264.3
COM@GC	국제 금	20171227	1287.0	2.9	1284.0	1285.7	1284.0
COM@GC	국제 금	20180104	1319.4	3.2	1322.0	1322.0	1321.9
COM@GC	국제 금	20180110	1317.4	5.7	1320.3	1320.7	1315.3
COM@GC	국제 금	20180116	1335.4	2.0	1331.1	1332.5	1331.0
COM@GC	국제 금	20180119	1331.9	5.9	1330.1	1333.0	1330.1
COM@GC	국제 금	20180122	1330.9	-1.0	1328.4	1328.4	1328.4
COM@GC	국제 금	20180125	1362.4	6.5	1356.3	1356.4	1346.7
COM@GC	국제 금	20180131	1339.0	3.6	1337.5	1346.9	1331.8
COM@GC	국제 금	20180206	1326.1	-6.9	1338.2	1343.7	1319.5
COM@GC	국제 금	20180209	1313.1	-3.8	1320.9	1322.0	1311.9
COM@GC	국제 금	20180212	1324.2	11.1	1323.8	1325.5	1318.0
COM@GC	국제 금	20180215	1352.1	-3.4	1352.0	1355.9	1349.7
COM@GC	국제 금	20180221	1330.0	1.2	1326.8	1331.5	1324.4
COM@GC	국제 금	20180227	1315.5	-14.8	1331.7	1332.6	1312.7
COM@GC	국제 금	20180302	1321.1	18.2	1314.3	1323.2	1314.3
COM@GC	국제 금	20180305	1318.1	-3.0	1323.5	1325.9	1318.1
COM@GC	국제 금	20180308	1319.9	-6.1	1324.8	1326.8	1319.3
COM@GC	국제 금	20180314	1324.4	-1.5	1322.2	1324.1	1322.2
COM@GC	국제 금	20180320	1311.1	-5.7	1311.1	1311.1	1311.1
COM@GC	국제 금	20180323	1349.3	22.7	1343.2	1348.7	1343.2
COM@GC	국제 금	20180326	1354.4	5.1	1348.5	1352.2	1345.1
COM@GC	국제 금	20180329	1322.8	-1.4	1324.0	1327.1	1321.7
COM@GC	국제 금	20180404	1335.8	3.0	1331.8	1347.3	1331.6
COM@GC	국제 금	20180410	1342.0	5.7	1335.2	1341.0	1333.0
COM@GC	국제 금	20180413	1344.8	6.4	1335.9	1346.0	1335.9
COM@GC	국제 금	20180416	1347.5	2.7	1341.0	1348.8	1341.0
COM@GC	국제 금	20180419	1346.8	-4.4	1348.6	1355.2	1341.6
COM@GC	국제 금	20180425	1321.2	-10.2	1324.0	1325.0	1320.0
COM@GC	국제 금	20180503	1310.7	8.1	1310.7	1310.7	1310.7
COM@GC	국제 금	20180509	1311.3	-0.7	1311.3	1311.3	1311.3
COM@GC	국제 금	20180515	1288.9	-27.6	1304.6	1304.7	1290.3
COM@GC	국제 금	20180518	1290.2	2.0	1285.2	1289.6	1285.2
COM@GC	국제 금	20180521	1290.2		1287.4	1292.1	1287.4
COM@GC	국제 금	20180524	1303.7	14.4	1303.7	1303.7	1303.7
COM@GC	국제 금	20180530	1301.5	2.5	1298.0	1303.7	1295.2
COM@GC	국제 금	20180605	1297.5	4.4	1292.1	1299.8	1289.9
COM@GC	국제 금	20180608	1298.1	-0.6	1295.3	1299.4	1294.8
COM@GC	국제 금	20180611	1298.9	0.8	1299.3	1302.0	1295.2
COM@GC	국제 금	20180614	1304.0	7.1	1297.2	1307.7	1297.2
COM@GC	국제 금	20180620	1271.2	-4.4	1274.4	1274.4	1271.5
COM@GC	국제 금	20180626	1256.6	-9.0	1267.2	1267.2	1257.5
COM@GC	국제 금	20180629	1251.3	3.5	1250.3	1253.3	1249.1
COM@GC	국제 금	20180710	1253.8	-4.3	1256.2	1256.9	1249.3
COM@GC	국제 금	20180713	1239.6	-5.4	1244.7	1247.0	1244.7
COM@GC	국제 금	20180716	1238.1	-1.5	1242.7	1243.8	1242.7
COM@GC	국제 금	20180719	1222.4	-3.9	1227.2	1228.0	1211.7
COM@GC	국제 금	20180725	1231.4	7.5	1231.4	1231.4	1231.4
COM@GC	국제 금	20180731	1223.7	2.4	1220.4	1228.1	1213.0
COM@GC	국제 금	20180803	1214.2	3.6	1206.5	1218.6	1205.1
COM@GC	국제 금	20180806	1208.6	-5.6	1214.4	1214.4	1206.6
COM@GC	국제 금	20180809	1211.9	-0.7	1214.5	1215.3	1211.6
COM@GC	국제 금	20180815	1177.5	-15.5	1187.8	1188.1	1174.6
COM@GC	국제 금	20180821	1192.6	5.8	1189.8	1190.5	1189.8
COM@GC	국제 금	20180824	1206.3	19.3	1185.3	1208.0	1185.3
COM@GC	국제 금	20180827	1209.0	2.7	1210.3	1211.4	1205.2
COM@GC	국제 금	20180830	1197.7	-6.5	1205.4	1205.6	1196.0
COM@GC	국제 금	20180905	1194.9	2.2	1192.5	1196.0	1192.5
COM@GC	국제 금	20180911	1195.4	2.4	1190.4	1196.3	1190.4
COM@GC	국제 금	20180914	1195.0	-7.0	1195.0	1195.0	1195.0
COM@GC	국제 금	20180917	1199.7	4.7	1199.7	1199.7	1199.7
COM@GC	국제 금	20180920	1206.2	4.0	1206.2	1206.2	1206.2
COM@GC	국제 금	20180926	1194.0	-6.0	1194.0	1194.0	1194.0
COM@GC	국제 금	20181001	1187.1	-4.4	1191.6	1191.6	1185.8
COM@GC	국제 금	20181004	1197.2	-1.1	1199.3	1204.6	1197.8
COM@GC	국제 금	20181010	1189.3	2.1	1191.3	1192.0	1191.3
COM@GC	국제 금	20181016	1227.3	0.9	1227.1	1230.5	1227.1
COM@GC	국제 금	20181019	1225.3	-1.2	1225.3	1225.3	1225.3
COM@GC	국제 금	20181022	1221.2	-4.1	1224.5	1224.5	1219.6
COM@GC	국제 금	20181025	1229.1	1.3	1238.6	1238.6	1229.6
COM@GC	국제 금	20181031	1212.3	-10.3	1216.0	1216.6	1212.0
COM@GC	국제 금	20181106	1223.8	-6.0	1230.7	1233.8	1230.7
COM@GC	국제 금	20181109	1206.4	-16.5	1207.9	1207.9	1207.0
COM@GC	국제 금	20181112	1201.3	-5.1	1201.6	1201.6	1201.6
COM@GC	국제 금	20181115	1212.8	4.9	1212.8	1212.8	1212.8
COM@GC	국제 금	20181121	1225.8	6.8	1225.8	1225.8	1225.8
COM@GC	국제 금	20181127	1211.2	-9.0	1221.9	1222.0	1221.9
COM@GC	국제 금	20181130	1220.2	-3.9	1224.1	1225.0	1216.1
COM@GC	국제 금	20181205	1237.1	-4.0	1238.5	1238.8	1234.9
COM@GC	국제 금	20181211	1241.9	-1.8	1245.8	1248.7	1241.5
COM@GC	국제 금	20181214	1237.0	-5.7	1241.7	1241.7	1234.1
COM@GC	국제 금	20181217	1247.4	10.4	1239.3	1245.9	1239.3
COM@GC	국제 금	20181220	1263.6	11.5	1243.2	1260.5	1243.2
COM@GC	국제 금	20181226	1269.2	1.7	1269.3	1277.4	1269.3
NYM@PA	팔라듐	20150107	792.4	-8.0	792.4	792.4	792.4
NYM@PA	팔라듐	20150113	815.7	1.6	815.7	815.7	815.7
NYM@PA	팔라듐	20150116	754.3	-12.0	754.3	754.3	754.3
NYM@PA	팔라듐	20150119	791.5	37.2	791.5	791.5	791.5
NYM@PA	팔라듐	20150122	773.6	5.4	773.6	773.6	773.6
NYM@PA	팔라듐	20150128	797.6	15.6	797.6	797.6	797.6
NYM@PA	팔라듐	20150203	786.3	-2.0	786.0	788.4	786.0
NYM@PA	팔라듐	20150206	781.6	-14.4	793.1	793.1	781.6
NYM@PA	팔라듐	20150209	779.9	-1.7	779.9	779.9	779.9
NYM@PA	팔라듐	20150212	773.9	7.1	773.9	773.9	773.9
NYM@PA	팔라듐	20150218	776.9	-6.6	776.9	776.9	776.9
NYM@PA	팔라듐	20150224	790.3	4.1	790.3	790.3	790.3
NYM@PA	팔라듐	20150227	818.4	8.2	813.5	818.4	804.0
NYM@PA	팔라듐	20150302	830.3	11.9	819.4	832.1	816.0
NYM@PA	팔라듐	20150305	825.0	-5.4	823.3	825.0	822.4
NYM@PA	팔라듐	20150311	789.0	-14.7	795.4	795.4	789.0
NYM@PA	팔라듐	20150317	761.8	-17.9	777.5	777.5	761.7
NYM@PA	팔라듐	20150320	778.7	13.3	778.7	778.7	778.7
NYM@PA	팔라듐	20150323	770.3	-8.4	770.3	770.3	770.3
NYM@PA	팔라듐	20150326	773.0	8.0	767.0	773.1	767.0
NYM@PA	팔라듐	20150401	750.4	13.5	750.4	750.4	750.4
NYM@PA	팔라듐	20150407	770.7	0.3	770.7	770.7	770.7
NYM@PA	팔라듐	20150410	777.8	13.7	777.8	777.8	777.8
NYM@PA	팔라듐	20150413	773.0	-4.8	773.0	773.0	773.0
NYM@PA	팔라듐	20150416	781.4	12.7	781.4	781.4	781.4
NYM@PA	팔라듐	20150422	757.7	-18.6	757.7	757.7	757.7
NYM@PA	팔라듐	20150428	783.0	-1.3	783.0	783.0	783.0
NYM@PA	팔라듐	20150506	794.7	-2.3	794.7	794.7	794.7
NYM@PA	팔라듐	20150512	787.3	4.7	787.3	787.3	787.3
NYM@PA	팔라듐	20150515	797.2	15.5	797.2	797.2	797.2
NYM@PA	팔라듐	20150518	795.3	-1.9	795.3	795.3	795.3
NYM@PA	팔라듐	20150521	778.5	-0.7	778.5	778.5	778.5
NYM@PA	팔라듐	20150527	786.5	4.4	786.5	786.5	786.5
NYM@PA	팔라듐	20150602	769.6	-4.0	769.6	769.6	769.6
NYM@PA	팔라듐	20150605	752.2	-4.4	752.2	752.2	752.2
NYM@PA	팔라듐	20150608	745.0	-7.2	745.0	745.0	745.0
NYM@PA	팔라듐	20150611	744.1	-0.7	744.1	744.1	744.1
NYM@PA	팔라듐	20150617	721.8	-12.4	721.8	721.8	721.8
NYM@PA	팔라듐	20150623	697.4	0.6	697.4	697.4	697.4
NYM@PA	팔라듐	20150626	680.3	-0.7	680.3	680.3	680.3
NYM@PA	팔라듐	20150629	668.0	-12.3	668.0	668.0	668.0
NYM@PA	팔라듐	20150701	702.7	28.6	702.7	702.7	702.7
NYM@PA	팔라듐	20150707	654.0	-23.7	664.0	664.0	654.0
NYM@PA	팔라듐	20150710	652.1	12.3	652.1	652.1	652.1
NYM@PA	팔라듐	20150713	660.4	8.3	660.4	660.4	660.4
NYM@PA	팔라듐	20150716	633.5	-10.9	633.5	633.5	633.5
NYM@PA	팔라듐	20150722	628.2	-2.8	628.2	628.2	628.2
NYM@PA	팔라듐	20150728	622.8	8.6	622.8	622.8	622.8
NYM@PA	팔라듐	20150731	611.8	-9.8	611.8	611.8	611.8
NYM@PA	팔라듐	20150803	604.3	-7.5	604.3	604.3	604.3
NYM@PA	팔라듐	20150806	600.9	6.7	596.0	601.9	596.0
NYM@PA	팔라듐	20150812	623.9	23.8	623.0	623.9	623.0
NYM@PA	팔라듐	20150818	597.5	-17.0	597.5	597.5	597.5
NYM@PA	팔라듐	20150821	604.8	-18.8	604.8	604.8	604.8
NYM@PA	팔라듐	20150824	575.1	-29.7	584.7	584.7	567.5
NYM@PA	팔라듐	20150827	568.1	38.9	533.0	568.1	533.0
NYM@PA	팔라듐	20150902	583.5	4.1	575.7	583.5	575.7
NYM@PA	팔라듐	20150908	587.0	9.4	587.0	589.9	583.5
NYM@PA	팔라듐	20150911	591.4	-1.5	585.4	591.4	585.4
NYM@PA	팔라듐	20150914	588.2	-3.2	592.0	592.0	584.7
NYM@PA	팔라듐	20150917	599.6	-12.8	610.0	618.1	599.6
NYM@PA	팔라듐	20150923	645.8	34.7	609.8	648.5	609.8
NYM@PA	팔라듐	20150929	657.9	6.0	647.0	657.9	639.1
NYM@PA	팔라듐	20151001	679.7	28.5	655.3	680.3	653.1
NYM@PA	팔라듐	20151007	699.8	-8.3	710.4	710.4	691.4
NYM@PA	팔라듐	20151013	685.7	-9.2	693.5	697.8	682.4
NYM@PA	팔라듐	20151016	699.8	-5.5	702.5	704.7	695.8
NYM@PA	팔라듐	20151019	688.5	-11.3	702.4	702.4	684.2
NYM@PA	팔라듐	20151022	685.9	8.4	676.9	686.8	669.6
NYM@PA	팔라듐	20151028	686.5	7.4	681.6	691.2	673.0
NYM@PA	팔라듐	20151103	644.5	-6.3	653.5	655.0	641.0
NYM@PA	팔라듐	20151106	613.5	6.8	610.0	627.0	599.0
NYM@PA	팔라듐	20151109	597.4	-16.1	614.9	620.0	596.0
NYM@PA	팔라듐	20151112	559.1	-18.4	580.0	582.6	558.1
NYM@PA	팔라듐	20151118	532.1	-14.4	543.0	551.1	528.0
NYM@PA	팔라듐	20151124	542.2	0.4	545.1	545.4	534.1
NYM@PA	팔라듐	20151127	550.6	-1.4	554.5	570.0	547.0
NYM@PA	팔라듐	20151130	543.2	-7.4	550.6	551.6	540.0
NYM@PA	팔라듐	20151202	525.8	-13.4	542.4	543.8	522.5
NYM@PA	팔라듐	20151208	547.9	-7.5	552.2	561.2	547.0
NYM@PA	팔라듐	20151211	544.8	2.6	542.3	549.0	540.1
NYM@PA	팔라듐	20151214	548.7	3.9	544.1	551.4	542.3
NYM@PA	팔라듐	20151217	557.4	-14.5	572.0	572.0	551.2
NYM@PA	팔라듐	20151223	553.2	-1.4	557.8	561.0	549.4
NYM@PA	팔라듐	20151229	556.3	4.4	551.2	559.1	550.5
NYM@PA	팔라듐	20160106	505.0	-30.7	536.2	538.5	503.1
NYM@PA	팔라듐	20160112	469.8	-4.5	480.0	481.6	451.5
NYM@PA	팔라듐	20160115	487.0	-4.2	492.1	498.7	482.8
NYM@PA	팔라듐	20160118	495.5	8.5	495.0	497.4	488.3
NYM@PA	팔라듐	20160121	499.0	10.0	494.1	501.3	492.1
NYM@PA	팔라듐	20160127	502.2	9.5	495.5	504.0	492.4
NYM@PA	팔라듐	20160202	491.3	-11.0	505.0	505.3	490.4
NYM@PA	팔라듐	20160205	498.7	-16.9	515.6	519.0	498.0
NYM@PA	팔라듐	20160208	518.1	19.4	503.4	519.2	494.1
NYM@PA	팔라듐	20160211	524.4	-0.3	522.5	531.4	520.2
NYM@PA	팔라듐	20160217	515.9	6.3	510.5	516.5	508.3
NYM@PA	팔라듐	20160223	500.0	1.4	497.7	502.4	494.2
NYM@PA	팔라듐	20160226	482.1	-1.3	486.6	493.9	480.6
NYM@PA	팔라듐	20160229	495.6	13.5	486.6	498.1	486.6
NYM@PA	팔라듐	20160301	517.6	22.0	501.0	517.6	500.8
NYM@PA	팔라듐	20160304	563.1	20.7	551.1	563.1	551.1
NYM@PA	팔라듐	20160307	577.9	14.8	553.9	579.0	553.9
NYM@PA	팔라듐	20160310	574.3	7.8	573.2	574.3	568.1
NYM@PA	팔라듐	20160316	577.2	6.8	577.2	577.2	577.2
NYM@PA	팔라듐	20160322	605.3	2.8	607.0	607.0	605.3
NYM@PA	팔라듐	20160328	567.2	-5.7	568.1	568.1	567.2
NYM@PA	팔라듐	20160331	563.0	-2.4	563.0	563.0	563.0
NYM@PA	팔라듐	20160406	539.7	-6.6	558.0	558.0	539.7
NYM@PA	팔라듐	20160412	545.5	-1.4	545.5	545.5	545.5
NYM@PA	팔라듐	20160415	569.3	7.4	569.3	569.3	569.3
NYM@PA	팔라듐	20160418	569.0	-0.3	569.0	569.0	569.0
NYM@PA	팔라듐	20160421	611.0	13.0	611.0	611.0	611.0
NYM@PA	팔라듐	20160427	610.1	5.2	610.1	610.1	610.1
NYM@PA	팔라듐	20160502	625.0	-2.9	625.0	625.0	625.0
NYM@PA	팔라듐	20160505	600.9	4.2	600.9	600.9	600.9
NYM@PA	팔라듐	20160511	608.3	15.9	608.3	608.3	608.3
NYM@PA	팔라듐	20160517	584.4	-6.4	584.4	584.4	584.4
NYM@PA	팔라듐	20160520	558.7	0.5	558.7	558.7	558.7
NYM@PA	팔라듐	20160523	550.0	-8.7	550.0	550.0	550.0
NYM@PA	팔라듐	20160526	543.4	13.0	531.2	546.6	530.7
NYM@PA	팔라듐	20160601	547.3	-0.4	547.8	547.8	547.3
NYM@PA	팔라듐	20160607	552.9	-4.1	553.5	553.6	552.9
NYM@PA	팔라듐	20160610	547.1	-14.3	553.6	553.6	543.0
NYM@PA	팔라듐	20160613	546.6	-0.5	546.8	546.8	545.7
NYM@PA	팔라듐	20160616	535.8	2.5	535.0	539.8	530.8
NYM@PA	팔라듐	20160622	564.9	10.9	564.9	564.9	564.9
NYM@PA	팔라듐	20160628	570.9	12.5	565.0	570.9	564.9
NYM@PA	팔라듐	20160706	608.0	4.9	599.5	608.0	599.5
NYM@PA	팔라듐	20160712	629.0	3.2	629.0	629.0	629.0
NYM@PA	팔라듐	20160715	647.9	-3.7	647.9	647.9	647.9
NYM@PA	팔라듐	20160718	646.5	-1.4	646.5	646.5	646.5
NYM@PA	팔라듐	20160721	683.8	9.4	683.8	683.8	683.8
NYM@PA	팔라듐	20160727	702.4	11.1	702.4	702.4	702.4
NYM@PA	팔라듐	20160802	716.4	1.5	716.4	716.4	716.4
NYM@PA	팔라듐	20160805	695.0	-9.7	695.0	695.0	695.0
NYM@PA	팔라듐	20160808	692.0	-3.0	692.0	692.0	692.0
NYM@PA	팔라듐	20160811	690.5	-34.6	690.5	690.5	690.5
NYM@PA	팔라듐	20160817	690.7	-13.3	690.7	690.7	690.7
NYM@PA	팔라듐	20160823	698.9	7.7	698.9	698.9	698.9
NYM@PA	팔라듐	20160826	692.0	7.1	692.0	692.0	692.0
NYM@PA	팔라듐	20160829	697.3	5.2	686.5	698.4	682.7
NYM@PA	팔라듐	20160901	661.2	-7.5	674.0	674.0	661.2
NYM@PA	팔라듐	20160907	688.1	-13.1	701.0	708.9	688.1
NYM@PA	팔라듐	20160913	656.1	-0.6	665.5	669.7	656.1
NYM@PA	팔라듐	20160916	672.8	16.2	672.8	672.8	672.8
NYM@PA	팔라듐	20160919	686.7	13.9	686.7	686.7	686.7
NYM@PA	팔라듐	20160922	701.0	16.8	695.6	701.0	691.4
NYM@PA	팔라듐	20160928	713.4	13.4	707.3	713.4	707.3
NYM@PA	팔라듐	20161003	710.7	-9.8	710.7	710.7	710.7
NYM@PA	팔라듐	20161006	665.1	-9.4	665.1	665.1	665.1
NYM@PA	팔라듐	20161012	648.0	0.9	648.0	648.0	648.0
NYM@PA	팔라듐	20161018	638.3	1.6	638.3	638.3	638.3
NYM@PA	팔라듐	20161021	619.7	-12.1	619.7	619.7	619.7
NYM@PA	팔라듐	20161024	629.7	10.0	629.7	629.7	629.7
NYM@PA	팔라듐	20161027	612.1	-7.8	612.1	612.1	612.1
NYM@PA	팔라듐	20161102	633.9	0.4	630.4	633.9	628.7
NYM@PA	팔라듐	20161108	664.9	9.1	664.9	664.9	664.9
NYM@PA	팔라듐	20161111	684.1	-11.8	684.1	684.1	684.1
NYM@PA	팔라듐	20161114	697.1	13.0	697.1	697.1	697.1
NYM@PA	팔라듐	20161117	729.1	10.9	729.1	729.1	729.1
NYM@PA	팔라듐	20161123	736.8	-6.9	736.8	736.8	736.8
NYM@PA	팔라듐	20161129	755.8	-0.5	755.8	755.8	755.8
NYM@PA	팔라듐	20161201	751.0	-20.6	775.7	775.7	747.5
NYM@PA	팔라듐	20161207	733.0	-1.5	735.4	735.4	733.3
NYM@PA	팔라듐	20161213	729.6	2.3	729.6	729.6	729.6
NYM@PA	팔라듐	20161216	697.9	-8.4	686.0	697.9	681.0
NYM@PA	팔라듐	20161219	679.3	-18.6	679.3	679.3	679.3
NYM@PA	팔라듐	20161222	657.1	-3.3	657.1	657.1	657.1
NYM@PA	팔라듐	20161228	667.3	-7.0	667.3	667.3	667.3
NYM@PA	팔라듐	20170105	737.6	-0.6	740.1	740.1	740.1
NYM@PA	팔라듐	20170111	753.3	-11.3	753.3	753.3	753.3
NYM@PA	팔라듐	20170117	752.4	3.9	747.4	754.3	747.4
NYM@PA	팔라듐	20170120	787.8	37.3	787.8	787.8	787.8
NYM@PA	팔라듐	20170123	770.9	-16.9	770.9	770.9	770.9
NYM@PA	팔라듐	20170126	723.8	-11.7	723.8	723.8	723.8
NYM@PA	팔라듐	20170201	762.9	8.6	762.9	762.9	762.9
NYM@PA	팔라듐	20170207	764.5	-9.8	764.5	764.5	764.5
NYM@PA	팔라듐	20170210	783.1	10.5	783.1	783.1	783.1
NYM@PA	팔라듐	20170213	775.0	-8.1	775.0	775.0	775.0
NYM@PA	팔라듐	20170216	793.3	7.1	793.3	793.3	793.3
NYM@PA	팔라듐	20170222	769.1	-9.7	769.1	769.1	769.1
NYM@PA	팔라듐	20170228	770.7	-13.3	783.2	785.7	768.0
NYM@PA	팔라듐	20170303	767.8	-1.4	770.4	770.4	759.0
NYM@PA	팔라듐	20170306	774.0	6.2	772.3	774.0	767.3
NYM@PA	팔라듐	20170309	748.9	-23.5	773.7	773.7	749.0
NYM@PA	팔라듐	20170315	747.4	4.8	744.4	763.3	744.4
NYM@PA	팔라듐	20170321	789.6	6.0	789.6	789.6	789.6
NYM@PA	팔라듐	20170324	815.1	13.2	815.1	815.1	815.1
NYM@PA	팔라듐	20170327	798.4	-16.7	814.4	814.4	798.4
NYM@PA	팔라듐	20170330	797.5	7.3	788.0	803.4	788.0
NYM@PA	팔라듐	20170405	807.7	0.8	807.7	807.7	807.7
NYM@PA	팔라듐	20170411	802.9	13.1	802.9	802.9	802.9
NYM@PA	팔라듐	20170417	788.4	-7.3	788.4	788.4	788.4
NYM@PA	팔라듐	20170420	802.7	27.3	802.7	802.7	802.7
NYM@PA	팔라듐	20170426	805.0	8.5	805.0	805.0	805.0
NYM@PA	팔라듐	20170501	814.3	-12.2	814.3	814.3	814.3
NYM@PA	팔라듐	20170504	800.5	1.4	800.5	800.5	800.5
NYM@PA	팔라듐	20170510	799.2	5.8	799.2	799.2	799.2
NYM@PA	팔라듐	20170516	791.8	-5.0	791.8	791.8	791.8
NYM@PA	팔라듐	20170519	760.5	-4.8	760.5	760.5	760.5
NYM@PA	팔라듐	20170522	758.9	-1.6	758.9	758.9	758.9
NYM@PA	팔라듐	20170525	768.8	7.3	768.8	768.8	768.8
NYM@PA	팔라듐	20170531	819.8	13.6	806.5	822.8	806.5
NYM@PA	팔라듐	20170606	852.3	6.6	851.9	855.3	851.9
NYM@PA	팔라듐	20170609	864.6	9.7	852.0	900.3	852.0
NYM@PA	팔라듐	20170612	872.6	8.0	875.2	883.6	875.2
NYM@PA	팔라듐	20170615	868.7	5.4	869.7	869.7	867.3
NYM@PA	팔라듐	20170621	894.4	9.3	886.6	894.4	886.6
NYM@PA	팔라듐	20170627	875.2	-5.6	878.9	878.9	878.9
NYM@PA	팔라듐	20170630	849.0	-9.4	860.4	860.5	860.4
NYM@PA	팔라듐	20170705	846.7	-8.0	847.4	847.8	847.4
NYM@PA	팔라듐	20170711	857.9	8.6	857.9	857.9	857.9
NYM@PA	팔라듐	20170714	865.7	-0.1	865.7	865.7	865.7
NYM@PA	팔라듐	20170717	870.5	4.8	870.5	870.5	870.5
NYM@PA	팔라듐	20170720	852.6	-11.5	852.6	852.6	852.6
NYM@PA	팔라듐	20170726	867.9	6.0	867.9	867.9	867.9
NYM@PA	팔라듐	20170801	898.4	7.9	898.4	898.4	898.4
NYM@PA	팔라듐	20170804	879.8	-6.2	879.8	879.8	879.8
NYM@PA	팔라듐	20170807	890.2	10.4	890.2	890.2	890.2
NYM@PA	팔라듐	20170810	902.0	5.2	902.0	902.0	902.0
NYM@PA	팔라듐	20170816	912.7	15.7	912.7	912.7	912.7
NYM@PA	팔라듐	20170822	934.7	-6.7	934.7	934.7	934.7
NYM@PA	팔라듐	20170825	933.4	-5.1	933.4	933.4	933.4
NYM@PA	팔라듐	20170828	936.6	3.2	936.6	936.6	936.6
NYM@PA	팔라듐	20170831	931.9	0.6	927.6	936.2	927.5
NYM@PA	팔라듐	20170906	938.1	-24.9	963.5	963.5	941.5
NYM@PA	팔라듐	20170912	949.0	11.7	936.0	955.8	936.0
NYM@PA	팔라듐	20170915	927.4	7.5	927.4	927.4	927.4
NYM@PA	팔라듐	20170918	934.9	7.5	934.9	934.9	934.9
NYM@PA	팔라듐	20170921	912.9	1.4	912.0	912.9	912.0
NYM@PA	팔라듐	20170927	925.2	10.5	908.2	925.2	908.2
NYM@PA	팔라듐	20171002	912.4	-25.5	912.4	912.4	912.4
NYM@PA	팔라듐	20171005	937.6	16.9	937.6	937.6	937.6
NYM@PA	팔라듐	20171011	960.0	25.3	960.0	960.0	960.0
NYM@PA	팔라듐	20171017	977.05	-0.35	977.05	977.05	977.05
NYM@PA	팔라듐	20171020	970.95	17.05	970.95	970.95	970.95
NYM@PA	팔라듐	20171023	951.05	-19.9	951.05	951.05	951.05
NYM@PA	팔라듐	20171026	969.2	10.0	969.2	969.2	969.2
NYM@PA	팔라듐	20171101	999.55	19.0	999.55	999.55	999.55
NYM@PA	팔라듐	20171107	995.5	-1.0	995.5	995.5	995.5
NYM@PA	팔라듐	20171110	994.5	-11.3	994.5	994.5	994.5
NYM@PA	팔라듐	20171113	991.1	-3.4	991.1	991.1	991.1
NYM@PA	팔라듐	20171116	986.25	-0.25	986.25	986.25	986.25
NYM@PA	팔라듐	20171122	1003.35	5.45	1003.35	1003.35	1003.35
NYM@PA	팔라듐	20171128	1022.05	19.6	1022.05	1022.05	1022.05
NYM@PA	팔라듐	20171206	1001.55	9.8	997.25	998.05	997.05
NYM@PA	팔라듐	20171212	1015.7	3.6	1017.5	1020.05	1009.8
NYM@PA	팔라듐	20171215	1028.75	-13.3	1035.0	1035.0	1035.0
NYM@PA	팔라듐	20171218	1025.4	-3.35	1025.4	1025.4	1025.4
NYM@PA	팔라듐	20171221	1043.0	5.05	1043.0	1043.0	1043.0
NYM@PA	팔라듐	20171227	1071.65	13.9	1071.65	1071.65	1071.65
NYM@PA	팔라듐	20180104	1097.4	11.4	1088.0	1088.0	1088.0
NYM@PA	팔라듐	20180110	1080.05	-20.75	1080.05	1080.05	1080.05
NYM@PA	팔라듐	20180116	1090.8	-17.2	1090.8	1090.8	1090.8
NYM@PA	팔라듐	20180119	1101.05	5.1	1101.05	1101.05	1101.05
NYM@PA	팔라듐	20180122	1094.95	-6.1	1094.95	1094.95	1094.95
NYM@PA	팔라듐	20180125	1100.05	-8.95	1100.05	1100.05	1100.05
NYM@PA	팔라듐	20180131	1027.5	-28.9	1027.5	1027.5	1027.5
NYM@PA	팔라듐	20180206	1006.45	-30.45	1006.45	1006.45	1006.45
NYM@PA	팔라듐	20180209	967.3	1.15	967.3	967.3	967.3
NYM@PA	팔라듐	20180212	980.1	12.8	980.1	980.1	980.1
NYM@PA	팔라듐	20180215	1010.6	9.35	1010.6	1010.6	1010.6
NYM@PA	팔라듐	20180221	1024.4	-4.65	1024.4	1024.4	1024.4
NYM@PA	팔라듐	20180227	1029.2	-25.4	1054.25	1058.05	1032.0
NYM@PA	팔라듐	20180302	995.45	12.3	990.45	995.2	985.75
NYM@PA	팔라듐	20180305	987.35	-8.1	995.6	995.6	986.05
NYM@PA	팔라듐	20180308	975.45	6.55	984.9	984.9	984.9
NYM@PA	팔라듐	20180314	988.5	-6.85	988.5	988.5	988.5
NYM@PA	팔라듐	20180320	979.65	-11.5	979.65	979.65	979.65
NYM@PA	팔라듐	20180323	975.05	-10.5	975.05	975.05	975.05
NYM@PA	팔라듐	20180326	970.35	-4.7	970.35	970.35	970.35
NYM@PA	팔라듐	20180329	944.8	-19.4	944.8	944.8	944.8
NYM@PA	팔라듐	20180404	918.9	-9.9	918.9	918.9	918.9
NYM@PA	팔라듐	20180410	950.75	17.25	950.75	950.75	950.75
NYM@PA	팔라듐	20180413	981.95	21.8	981.95	981.95	981.95
NYM@PA	팔라듐	20180416	1004.75	22.8	1004.75	1004.75	1004.75
NYM@PA	팔라듐	20180419	1027.45	-8.5	1027.45	1027.45	1027.45
NYM@PA	팔라듐	20180425	968.5	-4.15	968.5	968.5	968.5
NYM@PA	팔라듐	20180503	960.9	-1.45	960.9	960.9	960.9
NYM@PA	팔라듐	20180509	972.8	7.2	972.8	972.8	972.8
NYM@PA	팔라듐	20180515	985.4	-12.5	985.4	985.4	985.4
NYM@PA	팔라듐	20180518	962.4	-17.3	962.4	962.4	962.4
NYM@PA	팔라듐	20180521	992.6	30.2	992.6	992.6	992.6
NYM@PA	팔라듐	20180524	969.7	-3.6	969.7	969.7	969.7
NYM@PA	팔라듐	20180530	976.0	3.7	970.3	978.7	968.1
NYM@PA	팔라듐	20180605	998.7	-1.8	986.8	998.1	986.8
NYM@PA	팔라듐	20180608	1018.0	-3.5	1012.4	1014.0	1012.4
NYM@PA	팔라듐	20180611	1028.8	10.8	1028.8	1028.8	1028.8
NYM@PA	팔라듐	20180614	1018.9	-0.6	1018.9	1018.9	1018.9
NYM@PA	팔라듐	20180620	967.1	-3.2	970.0	973.0	967.0
NYM@PA	팔라듐	20180626	964.6	19.3	958.5	958.5	958.5
NYM@PA	팔라듐	20180629	958.3	20.0	958.3	958.3	958.3
NYM@PA	팔라듐	20180710	945.0	-17.1	945.0	945.0	945.0
NYM@PA	팔라듐	20180713	940.2	-16.0	940.2	940.2	940.2
NYM@PA	팔라듐	20180716	920.9	-19.3	920.9	920.9	920.9
NYM@PA	팔라듐	20180719	873.6	-35.6	873.6	873.6	873.6
NYM@PA	팔라듐	20180725	935.7	19.7	935.7	935.7	935.7
NYM@PA	팔라듐	20180731	939.9	9.4	939.9	939.9	939.9
NYM@PA	팔라듐	20180803	915.9	-7.6	915.9	915.9	915.9
NYM@PA	팔라듐	20180806	911.6	-4.3	911.6	911.6	911.6
NYM@PA	팔라듐	20180809	906.4	12.0	906.4	906.4	906.4
NYM@PA	팔라듐	20180815	845.2	-52.8	845.2	845.2	845.2
NYM@PA	팔라듐	20180821	925.0	11.3	925.0	925.0	925.0
NYM@PA	팔라듐	20180824	943.6	17.4	943.6	943.6	943.6
NYM@PA	팔라듐	20180827	956.9	13.3	956.9	956.9	956.9
NYM@PA	팔라듐	20180830	963.7	5.2	957.0	975.0	949.9
NYM@PA	팔라듐	20180905	971.6	-6.3	971.0	971.0	971.0
NYM@PA	팔라듐	20180911	980.9	-2.7	976.4	984.0	976.4
NYM@PA	팔라듐	20180914	998.8	1.8	999.9	1004.0	999.0
NYM@PA	팔라듐	20180917	1005.3	6.5	998.8	999.1	998.8
NYM@PA	팔라듐	20180920	1066.8	13.4	1060.0	1060.0	1060.0
NYM@PA	팔라듐	20180926	1082.6	9.3	1082.6	1082.6	1082.6
NYM@PA	팔라듐	20181001	1074.4	-16.4	1074.4	1074.4	1074.4
NYM@PA	팔라듐	20181004	1063.5	-7.5	1063.5	1063.5	1063.5
NYM@PA	팔라듐	20181010	1085.2	5.1	1085.2	1085.2	1085.2
NYM@PA	팔라듐	20181016	1091.9	-4.3	1091.9	1091.9	1091.9
NYM@PA	팔라듐	20181019	1087.9	5.2	1087.9	1087.9	1087.9
NYM@PA	팔라듐	20181022	1125.7	37.8	1125.7	1125.7	1125.7
NYM@PA	팔라듐	20181025	1105.6	-24.7	1105.6	1105.6	1105.6
NYM@PA	팔라듐	20181031	1085.1	13.5	1085.1	1085.1	1085.1
NYM@PA	팔라듐	20181106	1111.9	-26.3	1111.9	1111.9	1111.9
NYM@PA	팔라듐	20181109	1114.1	-18.6	1114.1	1114.1	1114.1
NYM@PA	팔라듐	20181112	1102.2	-11.9	1102.2	1102.2	1102.2
NYM@PA	팔라듐	20181115	1154.0	27.2	1154.0	1154.0	1154.0
NYM@PA	팔라듐	20181121	1149.8	7.1	1149.8	1149.8	1149.8
NYM@PA	팔라듐	20181127	1148.4	7.1	1148.4	1148.4	1148.4
NYM@PA	팔라듐	20181130	1168.6	5.2	1188.0	1198.0	1170.0
NYM@PA	팔라듐	20181205	1211.6	7.4	1212.0	1212.0	1209.0
NYM@PA	팔라듐	20181211	1202.9	18.6	1208.7	1208.7	1208.7
NYM@PA	팔라듐	20181214	1198.6	-17.7	1204.0	1204.0	1201.1
NYM@PA	팔라듐	20181217	1212.0	13.4	1212.0	1212.0	1212.0
NYM@PA	팔라듐	20181220	1230.8	-9.4	1245.0	1245.0	1230.0
NYM@PA	팔라듐	20181226	1234.9	9.8	1234.9	1234.9	1234.9
NYM@PL	백금	20150107	1220.7	-0.1	1220.2	1222.0	1218.8
NYM@PL	백금	20150113	1247.4	7.0	1238.1	1247.6	1236.1
NYM@PL	백금	20150116	1269.8	7.7	1264.0	1269.8	1264.0
NYM@PL	백금	20150119	1264.0	-5.8	1264.0	1264.0	1264.0
NYM@PL	백금	20150122	1284.0	6.7	1283.8	1288.9	1283.8
NYM@PL	백금	20150128	1257.6	-8.2	1258.7	1258.7	1253.4
NYM@PL	백금	20150203	1237.2	6.8	1231.1	1237.2	1229.3
NYM@PL	백금	20150206	1223.6	-28.1	1223.6	1223.6	1223.6
NYM@PL	백금	20150209	1222.4	-1.2	1228.0	1228.0	1222.4
NYM@PL	백금	20150212	1203.5	5.9	1206.9	1206.9	1203.5
NYM@PL	백금	20150218	1170.2	-9.8	1174.5	1175.3	1170.2
NYM@PL	백금	20150224	1166.6	0.3	1159.8	1168.0	1159.8
NYM@PL	백금	20150227	1186.7	12.0	1190.6	1190.6	1186.7
NYM@PL	백금	20150302	1191.0	4.3	1191.0	1191.0	1191.0
NYM@PL	백금	20150305	1181.2	-1.6	1181.2	1181.2	1181.2
NYM@PL	백금	20150311	1116.4	-14.1	1133.2	1133.2	1116.4
NYM@PL	백금	20150317	1094.7	-14.2	1094.7	1094.7	1094.7
NYM@PL	백금	20150320	1142.2	21.4	1142.2	1142.2	1142.2
NYM@PL	백금	20150323	1145.5	3.3	1145.5	1145.5	1145.5
NYM@PL	백금	20150326	1155.0	7.5	1155.0	1155.0	1155.0
NYM@PL	백금	20150401	1165.2	22.6	1141.0	1166.8	1133.0
NYM@PL	백금	20150407	1173.3	-6.6	1170.6	1173.3	1169.9
NYM@PL	백금	20150410	1170.0	13.6	1173.3	1174.6	1170.0
NYM@PL	백금	20150413	1153.5	-16.5	1162.1	1162.1	1153.1
NYM@PL	백금	20150416	1158.5	2.6	1155.3	1158.5	1155.3
NYM@PL	백금	20150422	1129.7	-22.1	1139.1	1139.1	1129.7
NYM@PL	백금	20150428	1162.0	5.1	1162.0	1162.0	1162.0
NYM@PL	백금	20150506	1146.2	-6.0	1149.2	1149.7	1146.2
NYM@PL	백금	20150512	1135.6	4.8	1131.4	1135.6	1131.4
NYM@PL	백금	20150515	1171.4	6.4	1170.0	1172.9	1170.0
NYM@PL	백금	20150518	1181.1	9.7	1181.1	1181.1	1181.1
NYM@PL	백금	20150521	1154.9	-4.6	1150.0	1154.9	1150.0
NYM@PL	백금	20150527	1121.5	-5.2	1132.0	1132.0	1121.5
NYM@PL	백금	20150602	1115.7	8.7	1108.5	1116.7	1106.0
NYM@PL	백금	20150605	1094.8	-7.2	1101.8	1101.8	1094.8
NYM@PL	백금	20150608	1104.3	9.5	1098.1	1106.4	1098.1
NYM@PL	백금	20150611	1108.5	-10.1	1107.1	1108.6	1106.4
NYM@PL	백금	20150617	1075.4	-6.9	1078.1	1083.0	1075.0
NYM@PL	백금	20150623	1069.8	6.5	1066.0	1074.2	1064.0
NYM@PL	백금	20150626	1082.0	-3.1	1077.5	1082.5	1074.7
NYM@PL	백금	20150629	1083.7	1.7	1095.8	1095.8	1074.9
NYM@PL	백금	20150701	1089.2	8.2	1085.2	1091.0	1084.4
NYM@PL	백금	20150707	1043.1	-24.7	1065.7	1065.7	1031.0
NYM@PL	백금	20150710	1034.0	9.9	1032.6	1040.4	1027.1
NYM@PL	백금	20150713	1037.8	3.8	1036.2	1039.4	1025.0
NYM@PL	백금	20150716	1013.3	-10.1	1023.5	1023.5	1008.0
NYM@PL	백금	20150722	981.4	-4.6	975.0	981.5	965.0
NYM@PL	백금	20150728	987.9	-2.5	981.7	987.9	979.1
NYM@PL	백금	20150731	986.2	-5.0	993.0	994.1	974.8
NYM@PL	백금	20150803	968.3	-17.9	981.9	985.5	960.4
NYM@PL	백금	20150806	957.2	5.2	952.0	958.5	947.7
NYM@PL	백금	20150812	1000.9	7.4	986.6	1006.0	980.0
NYM@PL	백금	20150818	994.9	-6.7	999.5	1001.0	983.2
NYM@PL	백금	20150821	1027.6	-7.8	1030.0	1039.0	1018.1
NYM@PL	백금	20150824	992.0	-35.6	1026.3	1027.6	977.0
NYM@PL	백금	20150827	1006.3	25.8	988.0	1009.2	988.0
NYM@PL	백금	20150902	1014.2	5.3	1002.6	1017.9	1002.6
NYM@PL	백금	20150908	1003.6	10.6	993.0	1012.8	981.7
NYM@PL	백금	20150911	965.6	-16.4	984.2	987.0	960.6
NYM@PL	백금	20150914	955.9	-9.7	965.7	973.9	953.0
NYM@PL	백금	20150917	968.3	-7.0	974.0	988.2	960.6
NYM@PL	백금	20150923	932.0	-5.3	936.7	946.7	926.2
NYM@PL	백금	20150929	918.1	-4.4	918.4	921.8	899.6
NYM@PL	백금	20151001	905.2	-3.9	908.5	918.3	901.1
NYM@PL	백금	20151007	946.4	11.7	936.6	955.5	936.5
NYM@PL	백금	20151013	992.6	-3.3	996.7	999.2	979.1
NYM@PL	백금	20151016	1023.7	16.7	1006.7	1026.8	996.4
NYM@PL	백금	20151019	1014.6	-9.1	1018.7	1021.5	1010.4
NYM@PL	백금	20151022	1012.9	5.8	1006.5	1013.7	1000.2
NYM@PL	백금	20151028	1012.8	23.6	989.7	1015.0	986.5
NYM@PL	백금	20151103	962.2	-16.2	978.5	984.4	960.1
NYM@PL	백금	20151106	940.0	-13.1	951.3	961.5	937.9
NYM@PL	백금	20151109	914.4	-25.6	942.0	943.2	910.3
NYM@PL	백금	20151112	876.9	-6.2	882.9	888.8	874.2
NYM@PL	백금	20151118	848.0	-7.0	854.3	857.1	846.1
NYM@PL	백금	20151124	841.7	-5.7	845.4	852.0	836.8
NYM@PL	백금	20151127	835.8	-8.1	846.5	857.6	833.9
NYM@PL	백금	20151130	832.9	-2.9	836.4	838.7	826.0
NYM@PL	백금	20151202	832.4	-3.0	838.6	853.1	829.3
NYM@PL	백금	20151208	846.5	-16.7	855.2	863.9	845.5
NYM@PL	백금	20151211	843.7	-12.2	855.9	859.9	838.3
NYM@PL	백금	20151214	850.2	6.5	843.0	856.8	837.1
NYM@PL	백금	20151217	844.7	-31.3	876.5	883.9	842.4
NYM@PL	백금	20151223	868.1	-4.9	874.2	876.9	863.1
NYM@PL	백금	20151229	891.2	10.4	883.3	894.5	879.3
NYM@PL	백금	20160106	873.7	-14.9	875.0	880.0	873.7
NYM@PL	백금	20160112	837.5	-7.5	845.6	845.6	832.8
NYM@PL	백금	20160115	825.7	-8.3	823.8	840.5	822.1
NYM@PL	백금	20160118	826.3	0.6	821.0	831.4	821.0
NYM@PL	백금	20160121	818.1	0.2	814.2	818.1	812.2
NYM@PL	백금	20160127	880.1	5.0	878.6	880.1	873.9
NYM@PL	백금	20160202	854.4	-14.4	854.4	854.4	854.4
NYM@PL	백금	20160205	902.0	-2.4	902.0	902.0	902.0
NYM@PL	백금	20160208	927.0	25.0	927.0	927.0	927.0
NYM@PL	백금	20160211	962.4	29.1	962.4	962.4	962.4
NYM@PL	백금	20160217	948.8	12.1	948.8	948.8	948.8
NYM@PL	백금	20160223	942.7	15.9	942.7	942.7	942.7
NYM@PL	백금	20160226	914.5	-12.0	914.5	914.5	914.5
NYM@PL	백금	20160229	933.7	19.2	933.7	933.7	933.7
NYM@PL	백금	20160301	936.1	2.4	940.1	940.1	936.1
NYM@PL	백금	20160304	985.8	43.6	985.8	985.8	985.8
NYM@PL	백금	20160307	1001.5	15.7	1001.5	1001.5	1001.5
NYM@PL	백금	20160310	977.2	-5.1	979.4	979.4	977.2
NYM@PL	백금	20160316	958.2	-1.1	958.2	958.2	958.2
NYM@PL	백금	20160322	996.3	15.0	996.3	996.3	996.3
NYM@PL	백금	20160328	944.2	-7.7	944.2	944.2	944.2
NYM@PL	백금	20160331	980.6	11.5	980.6	980.6	980.6
NYM@PL	백금	20160406	947.7	-6.9	947.7	947.7	947.7
NYM@PL	백금	20160412	1002.8	9.0	1002.8	1002.8	1002.8
NYM@PL	백금	20160415	992.9	-3.0	992.9	992.9	992.9
NYM@PL	백금	20160418	980.8	-12.1	980.8	980.8	980.8
NYM@PL	백금	20160421	1035.2	4.1	1032.0	1037.6	1032.0
NYM@PL	백금	20160427	1028.8	5.3	1023.9	1029.0	1023.9
NYM@PL	백금	20160502	1089.7	8.0	1089.7	1089.7	1089.7
NYM@PL	백금	20160505	1067.0	8.2	1067.0	1067.0	1067.0
NYM@PL	백금	20160511	1069.2	16.6	1069.2	1069.2	1069.2
NYM@PL	백금	20160517	1057.5	1.0	1057.5	1057.5	1057.5
NYM@PL	백금	20160520	1026.4	10.2	1026.4	1026.4	1026.4
NYM@PL	백금	20160523	1016.5	-9.9	1016.5	1016.5	1016.5
NYM@PL	백금	20160526	999.1	0.7	999.1	999.1	999.1
NYM@PL	백금	20160601	975.4	-8.5	975.4	975.4	975.4
NYM@PL	백금	20160607	1003.3	3.3	1003.3	1003.3	1003.3
NYM@PL	백금	20160610	998.2	-9.5	1000.0	1000.0	998.2
NYM@PL	백금	20160613	999.6	1.4	990.0	1002.7	990.0
NYM@PL	백금	20160616	982.4	3.0	982.3	992.4	981.8
NYM@PL	백금	20160622	987.7	1.5	987.8	989.1	982.8
NYM@PL	백금	20160628	982.8	-0.3	983.0	985.7	978.0
NYM@PL	백금	20160706	1093.6	14.3	1082.4	1096.8	1072.2
NYM@PL	백금	20160712	1100.3	-10.2	1103.0	1108.4	1098.0
NYM@PL	백금	20160715	1096.7	-10.3	1108.0	1108.0	1088.0
NYM@PL	백금	20160718	1103.9	7.2	1096.1	1105.7	1086.6
NYM@PL	백금	20160721	1110.2	16.4	1086.8	1111.1	1083.9
NYM@PL	백금	20160727	1130.1	29.1	1100.2	1146.0	1095.8
NYM@PL	백금	20160802	1174.3	8.8	1162.1	1185.0	1162.1
NYM@PL	백금	20160805	1153.5	-13.6	1164.5	1172.3	1144.5
NYM@PL	백금	20160808	1157.4	3.9	1149.4	1161.3	1148.8
NYM@PL	백금	20160811	1159.0	-26.4	1184.8	1185.5	1148.0
NYM@PL	백금	20160817	1117.0	-9.6	1126.6	1129.7	1109.8
NYM@PL	백금	20160823	1113.9	3.2	1109.1	1117.2	1107.4
NYM@PL	백금	20160826	1080.2	0.7	1082.0	1095.8	1063.4
NYM@PL	백금	20160829	1083.5	3.3	1077.0	1087.5	1073.3
NYM@PL	백금	20160901	1051.5	-4.6	1057.8	1061.7	1045.7
NYM@PL	백금	20160907	1095.8	-9.7	1105.0	1113.0	1094.1
NYM@PL	백금	20160913	1039.6	-6.8	1062.3	1069.0	1036.0
NYM@PL	백금	20160916	1020.7	-16.3	1037.4	1040.8	1013.9
NYM@PL	백금	20160919	1027.0	6.3	1023.0	1035.0	1022.0
NYM@PL	백금	20160922	1066.5	15.0	1057.8	1071.9	1050.0
NYM@PL	백금	20160928	1027.0	-2.3	1030.7	1035.6	1016.4
NYM@PL	백금	20161003	1009.1	-25.4	1032.9	1036.0	1006.5
NYM@PL	백금	20161006	966.3	-10.3	980.6	986.8	965.0
NYM@PL	백금	20161012	941.9	-7.9	950.8	955.1	941.0
NYM@PL	백금	20161018	943.0	10.3	943.7	950.5	943.1
NYM@PL	백금	20161021	928.6	-2.6	926.0	931.3	926.0
NYM@PL	백금	20161024	935.4	6.8	944.4	944.8	932.7
NYM@PL	백금	20161027	961.7	1.2	959.8	961.7	959.8
NYM@PL	백금	20161102	998.2	3.1	998.2	998.2	998.2
NYM@PL	백금	20161108	1005.8	7.2	1005.8	1005.8	1005.8
NYM@PL	백금	20161111	941.0	-38.5	941.0	941.0	941.0
NYM@PL	백금	20161114	931.7	-9.3	931.7	931.7	931.7
NYM@PL	백금	20161117	942.6	-1.9	942.6	942.6	942.6
NYM@PL	백금	20161123	929.6	-11.8	929.6	929.6	929.6
NYM@PL	백금	20161129	921.3	-2.0	921.3	921.3	921.3
NYM@PL	백금	20161201	909.6	1.5	909.6	909.6	909.6
NYM@PL	백금	20161207	941.7	7.6	941.7	941.7	941.7
NYM@PL	백금	20161213	935.5	3.0	935.5	935.5	935.5
NYM@PL	백금	20161216	933.0	40.6	933.0	933.0	933.0
NYM@PL	백금	20161219	916.2	-16.8	916.2	916.2	916.2
NYM@PL	백금	20161222	906.4	-6.9	906.4	906.4	906.4
NYM@PL	백금	20161228	898.8	-4.5	903.3	903.3	903.3
NYM@PL	백금	20170102	901.6		901.6	901.6	901.6
NYM@PL	백금	20170105	972.1	28.8	952.0	973.4	950.9
NYM@PL	백금	20170111	972.2	-6.2	970.5	972.6	967.0
NYM@PL	백금	20170117	979.1	-3.3	988.3	988.3	988.3
NYM@PL	백금	20170120	972.2	19.4	963.3	979.6	960.7
NYM@PL	백금	20170123	976.1	3.9	976.1	976.1	976.1
NYM@PL	백금	20170126	977.9	-0.1	977.1	977.9	977.1
NYM@PL	백금	20170201	996.3	3.3	996.3	996.3	996.3
NYM@PL	백금	20170207	1009.5	-1.1	1009.5	1009.5	1009.5
NYM@PL	백금	20170210	1008.8	-10.4	1008.8	1008.8	1008.8
NYM@PL	백금	20170213	998.2	-10.6	998.2	998.2	998.2
NYM@PL	백금	20170216	1013.0	5.2	1013.0	1013.0	1013.0
NYM@PL	백금	20170222	1000.5	-3.0	1002.0	1002.0	1000.0
NYM@PL	백금	20170228	1029.5	-7.9	1025.1	1029.5	1025.0
NYM@PL	백금	20170303	992.6	4.2	992.6	992.6	992.6
NYM@PL	백금	20170306	976.7	-15.9	976.7	976.7	976.7
NYM@PL	백금	20170309	935.9	-12.3	935.9	935.9	935.9
NYM@PL	백금	20170315	935.6	-2.1	935.6	935.6	935.6
NYM@PL	백금	20170321	970.6	-0.8	970.6	970.6	970.6
NYM@PL	백금	20170324	967.2	4.1	964.0	967.2	964.0
NYM@PL	백금	20170327	968.4	1.2	968.4	968.4	968.4
NYM@PL	백금	20170330	951.6	-0.9	954.1	959.6	946.1
NYM@PL	백금	20170405	956.4	-4.8	960.3	964.4	955.6
NYM@PL	백금	20170411	965.9	28.4	943.5	965.9	943.5
NYM@PL	백금	20170417	987.5	13.8	976.2	987.5	972.7
NYM@PL	백금	20170420	978.0	10.5	974.0	979.9	974.0
NYM@PL	백금	20170426	945.9	-8.7	952.5	952.5	952.5
NYM@PL	백금	20170501	929.8	-16.5	929.8	929.8	929.8
NYM@PL	백금	20170504	905.3	3.3	905.3	905.3	905.3
NYM@PL	백금	20170510	907.4	9.0	907.4	907.4	907.4
NYM@PL	백금	20170516	934.5	8.3	934.5	934.5	934.5
NYM@PL	백금	20170519	937.7	3.4	937.7	937.7	937.7
NYM@PL	백금	20170522	947.8	10.1	947.8	947.8	947.8
NYM@PL	백금	20170525	949.8	5.2	949.8	949.8	949.8
NYM@PL	백금	20170531	948.5	9.2	948.5	948.5	948.5
NYM@PL	백금	20170606	962.1	5.8	962.1	962.1	962.1
NYM@PL	백금	20170609	939.1	2.2	939.1	939.1	939.1
NYM@PL	백금	20170612	943.3	4.2	943.3	943.3	943.3
NYM@PL	백금	20170615	920.3	-30.4	920.3	920.3	920.3
NYM@PL	백금	20170621	926.1	5.5	926.1	926.1	926.1
NYM@PL	백금	20170627	917.8	2.1	917.8	917.8	917.8
NYM@PL	백금	20170630	923.7	4.7	919.0	927.6	919.0
NYM@PL	백금	20170705	905.7	1.9	905.8	906.7	902.5
NYM@PL	백금	20170711	896.0	-3.3	900.3	901.1	890.3
NYM@PL	백금	20170714	920.9	16.4	904.1	920.9	904.1
NYM@PL	백금	20170717	927.6	6.7	927.5	927.6	927.2
NYM@PL	백금	20170720	930.5	8.9	920.0	930.5	920.0
NYM@PL	백금	20170726	919.5	-9.4	919.5	919.5	919.5
NYM@PL	백금	20170801	946.5	8.8	946.5	946.5	946.5
NYM@PL	백금	20170804	966.0	4.4	962.6	966.0	962.6
NYM@PL	백금	20170807	968.6	2.6	963.0	968.6	963.0
NYM@PL	백금	20170810	983.4	10.1	983.4	983.4	983.4
NYM@PL	백금	20170816	972.0	7.1	972.0	972.0	972.0
NYM@PL	백금	20170822	978.5	-4.2	978.5	978.5	978.5
NYM@PL	백금	20170825	976.3	-3.5	976.3	976.3	976.3
NYM@PL	백금	20170828	986.5	10.2	986.5	986.5	986.5
NYM@PL	백금	20170831	996.8	3.3	996.8	996.8	996.8
NYM@PL	백금	20170906	1005.6	-1.8	1005.6	1005.6	1005.6
NYM@PL	백금	20170912	985.6	-12.3	986.0	987.0	985.9
NYM@PL	백금	20170915	971.0	-9.1	971.0	971.0	971.0
NYM@PL	백금	20170918	960.3	-10.7	960.3	960.3	960.3
NYM@PL	백금	20170921	939.4	-5.5	939.4	939.4	939.4
NYM@PL	백금	20170927	921.3	-3.2	921.3	921.3	921.3
NYM@PL	백금	20171002	911.6	1.3	910.0	913.1	906.8
NYM@PL	백금	20171005	914.2	3.6	910.0	914.2	910.0
NYM@PL	백금	20171011	930.4	-2.7	932.2	932.2	932.2
NYM@PL	백금	20171017	932.1	-7.3	934.5	934.5	934.5
NYM@PL	백금	20171020	924.1	0.9	921.1	925.1	917.5
NYM@PL	백금	20171023	924.5	0.4	924.5	924.5	924.5
NYM@PL	백금	20171026	918.6	-5.7	919.0	919.0	919.0
NYM@PL	백금	20171101	933.0	17.2	933.0	933.0	933.0
NYM@PL	백금	20171107	922.1	-8.9	928.3	928.7	928.3
NYM@PL	백금	20171110	928.9	-8.4	928.9	928.9	928.9
NYM@PL	백금	20171113	932.4	3.5	932.4	932.4	932.4
NYM@PL	백금	20171116	933.0	3.1	933.0	933.0	933.0
NYM@PL	백금	20171122	937.6	2.8	937.6	937.6	937.6
NYM@PL	백금	20171128	950.1	2.2	950.1	950.1	950.1
NYM@PL	백금	20171206	901.9	-14.4	915.4	915.4	915.4
NYM@PL	백금	20171212	874.8	-17.1	874.8	874.8	874.8
NYM@PL	백금	20171215	888.5	8.2	888.5	888.5	888.5
NYM@PL	백금	20171218	912.3	23.8	912.3	912.3	912.3
NYM@PL	백금	20171221	918.8	-1.8	918.8	918.8	918.8
NYM@PL	백금	20171227	922.8	0.2	922.8	922.8	922.8
NYM@PL	백금	20180104	966.1	8.3	955.5	967.0	947.2
NYM@PL	백금	20180110	974.4	6.5	974.4	974.4	974.4
NYM@PL	백금	20180116	1000.2	9.0	1000.2	1000.2	1000.2
NYM@PL	백금	20180119	1016.2	11.2	1012.4	1015.7	1010.1
NYM@PL	백금	20180122	994.3	-21.9	997.0	998.6	994.0
NYM@PL	백금	20180125	1029.3	16.0	1022.6	1022.6	1022.6
NYM@PL	백금	20180131	1001.3	3.9	1001.6	1001.6	1001.6
NYM@PL	백금	20180206	991.3	-1.2	991.3	991.3	991.3
NYM@PL	백금	20180209	958.5	-16.9	958.5	958.5	958.5
NYM@PL	백금	20180212	969.8	11.3	969.8	969.8	969.8
NYM@PL	백금	20180215	998.1	2.0	998.1	998.1	998.1
NYM@PL	백금	20180221	993.6	-7.4	994.4	998.0	994.4
NYM@PL	백금	20180227	983.1	-17.2	984.7	984.7	984.7
NYM@PL	백금	20180302	963.6	7.3	963.6	963.6	963.6
NYM@PL	백금	20180305	960.6	-3.0	960.6	960.6	960.6
NYM@PL	백금	20180308	950.8	-0.9	950.8	950.8	950.8
NYM@PL	백금	20180314	960.0	-5.8	960.0	960.0	960.0
NYM@PL	백금	20180320	943.5	-9.4	943.5	943.5	943.5
NYM@PL	백금	20180323	946.9	-0.7	946.9	946.9	946.9
NYM@PL	백금	20180326	948.9	2.0	948.9	948.9	948.9
NYM@PL	백금	20180329	927.3	-7.4	938.0	938.0	928.0
NYM@PL	백금	20180404	912.1	-13.2	912.1	912.1	912.1
NYM@PL	백금	20180410	927.6	-6.3	931.7	933.8	928.4
NYM@PL	백금	20180413	927.3	-1.7	927.3	927.3	927.3
NYM@PL	백금	20180416	925.7	-1.6	925.7	925.7	925.7
NYM@PL	백금	20180419	933.7	-5.8	947.8	947.8	943.0
NYM@PL	백금	20180425	906.6	-22.3	906.6	906.6	906.6
NYM@PL	백금	20180503	898.7	10.2	898.7	898.7	898.7
NYM@PL	백금	20180509	911.6	4.5	911.6	911.6	911.6
NYM@PL	백금	20180515	893.8	-17.7	893.8	893.8	893.8
NYM@PL	백금	20180518	883.4	-5.6	883.4	883.4	883.4
NYM@PL	백금	20180521	896.7	13.3	896.7	896.7	896.7
NYM@PL	백금	20180524	909.5	11.8	909.5	909.5	909.5
NYM@PL	백금	20180530	906.5	2.7	902.7	908.6	902.7
NYM@PL	백금	20180605	899.3	-2.2	899.3	899.3	899.3
NYM@PL	백금	20180608	903.7	5.4	903.7	903.7	903.7
NYM@PL	백금	20180611	904.4	0.7	904.4	904.4	904.4
NYM@PL	백금	20180614	908.9	8.4	908.9	908.9	908.9
NYM@PL	백금	20180620	872.1	9.2	872.1	872.1	872.1
NYM@PL	백금	20180626	869.3	2.5	869.3	869.3	869.3
NYM@PL	백금	20180629	852.4	2.1	849.7	852.0	844.1
NYM@PL	백금	20180710	842.0	-7.0	851.0	851.0	842.5
NYM@PL	백금	20180713	826.2	-16.1	826.9	830.6	826.9
NYM@PL	백금	20180716	822.3	-3.9	820.8	821.0	820.8
NYM@PL	백금	20180719	800.6	-13.1	814.4	814.4	798.0
NYM@PL	백금	20180725	833.8	4.2	833.8	833.8	833.8
NYM@PL	백금	20180731	840.9	14.3	840.9	840.9	840.9
NYM@PL	백금	20180803	832.1	8.7	832.1	832.1	832.1
NYM@PL	백금	20180806	821.5	-10.6	821.5	821.5	821.5
NYM@PL	백금	20180809	829.3	4.6	829.3	829.3	829.3
NYM@PL	백금	20180815	768.7	-29.8	768.7	768.7	768.7
NYM@PL	백금	20180821	789.8	-0.9	789.8	789.8	789.8
NYM@PL	백금	20180824	786.4	11.2	786.4	786.4	786.4
NYM@PL	백금	20180827	801.2	14.8	801.2	801.2	801.2
NYM@PL	백금	20180830	790.5	-5.0	792.2	792.2	792.1
NYM@PL	백금	20180905	783.1	6.1	781.0	781.0	781.0
NYM@PL	백금	20180911	788.1	-0.7	788.1	788.1	788.1
NYM@PL	백금	20180914	797.4	-4.7	797.4	797.4	797.4
NYM@PL	백금	20180917	799.7	2.3	799.7	799.7	799.7
NYM@PL	백금	20180920	833.1	12.4	833.1	833.1	833.1
NYM@PL	백금	20180926	824.5	2.7	824.5	824.5	824.5
NYM@PL	백금	20181001	824.0	5.3	812.0	824.0	812.0
NYM@PL	백금	20181004	821.0	-11.2	830.4	830.4	822.8
NYM@PL	백금	20181010	824.1	-1.5	825.0	825.0	823.5
NYM@PL	백금	20181016	843.1	0.6	843.1	843.1	843.1
NYM@PL	백금	20181019	832.3	4.5	833.2	836.1	832.4
NYM@PL	백금	20181022	819.0	-13.3	833.2	833.2	820.1
NYM@PL	백금	20181025	828.7		828.7	828.7	828.7
NYM@PL	백금	20181031	839.4	4.8	839.4	839.4	839.4
NYM@PL	백금	20181106	867.7	2.7	872.1	872.1	870.0
NYM@PL	백금	20181109	852.4	-14.3	852.4	852.4	852.4
NYM@PL	백금	20181112	841.7	-10.7	841.7	841.7	841.7
NYM@PL	백금	20181115	842.3	11.5	842.3	842.3	842.3
NYM@PL	백금	20181121	848.1	3.2	848.1	848.1	848.1
NYM@PL	백금	20181127	833.2	-12.5	833.2	833.2	833.2
NYM@PL	백금	20181130	798.0	-21.1	801.0	801.0	798.8
NYM@PL	백금	20181205	800.2	-2.2	800.2	800.2	800.2
NYM@PL	백금	20181211	783.7	3.4	783.7	783.7	783.7
NYM@PL	백금	20181214	783.5	-12.2	783.5	783.5	783.5
NYM@PL	백금	20181217	794.1	10.6	794.1	794.1	794.1
NYM@PL	백금	20181220	794.6		794.6	794.6	794.6
NYM@PL	백금	20181226	799.5	10.7	799.5	799.5	799.5
COM@SI	은	20150107	16.51	-0.093	16.48	16.55	16.48
COM@SI	은	20150113	17.125	0.59	17.0	17.125	17.0
COM@SI	은	20150116	17.739	0.666	17.06	17.77	16.905
COM@SI	은	20150119	17.77	0.031	17.77	17.77	17.77
COM@SI	은	20150122	18.346	0.167	18.346	18.346	18.346
COM@SI	은	20150128	18.068	-0.001	18.01	18.125	17.975
COM@SI	은	20150203	17.305	0.07	17.32	17.52	17.305
COM@SI	은	20150206	16.678	-0.502	16.678	16.678	16.678
COM@SI	은	20150209	17.054	0.376	17.054	17.054	17.054
COM@SI	은	20150212	16.778	0.033	16.84	16.88	16.778
COM@SI	은	20150218	16.25	-0.112	16.25	16.25	16.25
COM@SI	은	20150224	16.182	-0.065	16.182	16.182	16.182
COM@SI	은	20150227	16.513	-0.07	16.57	16.65	16.395
COM@SI	은	20150302	16.407	-0.106	16.585	16.73	16.315
COM@SI	은	20150305	16.132		16.255	16.285	16.132
COM@SI	은	20150311	15.345	-0.268	15.64	15.64	15.27
COM@SI	은	20150317	15.562	-0.039	15.49	15.635	15.49
COM@SI	은	20150320	16.867	0.769	16.255	16.867	16.255
COM@SI	은	20150323	16.872	0.005	16.7	16.975	16.67
COM@SI	은	20150326	17.122	0.142	17.315	17.325	17.055
COM@SI	은	20150401	17.19	0.464	17.19	17.19	17.19
COM@SI	은	20150407	16.975	-0.271	16.975	16.975	16.975
COM@SI	은	20150410	16.52	0.208	16.52	16.52	16.52
COM@SI	은	20150413	16.43	-0.09	16.455	16.455	16.43
COM@SI	은	20150416	16.43	0.006	16.43	16.43	16.43
COM@SI	은	20150422	15.936	-0.213	15.936	15.936	15.936
COM@SI	은	20150428	16.735	0.191	16.735	16.735	16.735
COM@SI	은	20150506	16.61	-0.075	16.71	16.72	16.605
COM@SI	은	20150512	16.51	0.212	16.465	16.54	16.305
COM@SI	은	20150515	17.545	0.096	17.485	17.545	17.335
COM@SI	은	20150518	17.712	0.167	17.62	17.712	17.595
COM@SI	은	20150521	17.111	0.019	17.065	17.185	17.065
COM@SI	은	20150527	16.628	-0.099	16.72	16.76	16.59
COM@SI	은	20150602	16.783	0.119	16.783	16.783	16.783
COM@SI	은	20150605	15.971	-0.118	15.98	16.06	15.94
COM@SI	은	20150608	15.951	-0.02	16.035	16.06	15.9
COM@SI	은	20150611	15.953	0.001	15.945	15.953	15.945
COM@SI	은	20150617	15.94	-0.018	15.94	15.94	15.94
COM@SI	은	20150623	15.732	-0.405	15.79	15.825	15.732
COM@SI	은	20150626	15.735	-0.073	15.815	15.865	15.45
COM@SI	은	20150629	15.664	-0.071	15.935	15.995	15.635
COM@SI	은	20150701	15.552	0.001	15.635	15.64	15.49
COM@SI	은	20150707	14.95	-0.776	15.595	15.595	14.805
COM@SI	은	20150710	15.468	0.123	15.33	15.585	15.33
COM@SI	은	20150713	15.436	-0.032	15.495	15.495	15.3
COM@SI	은	20150716	14.964	-0.064	14.99	14.99	14.964
COM@SI	은	20150722	14.714	-0.055	14.714	14.714	14.714
COM@SI	은	20150728	14.631	0.037	14.64	14.64	14.631
COM@SI	은	20150731	14.746	0.055	14.855	14.865	14.746
COM@SI	은	20150803	14.516	-0.23	14.73	14.73	14.415
COM@SI	은	20150806	14.67	0.124	14.67	14.67	14.67
COM@SI	은	20150812	15.473	0.192	15.48	15.51	15.473
COM@SI	은	20150818	14.787	-0.508	14.787	14.787	14.787
COM@SI	은	20150821	15.301	-0.216	15.301	15.301	15.301
COM@SI	은	20150824	14.762	-0.539	14.762	14.762	14.762
COM@SI	은	20150827	14.417	0.376	14.1	14.56	14.05
COM@SI	은	20150902	14.661	0.048	14.535	14.81	14.445
COM@SI	은	20150908	14.75	0.206	14.63	14.855	14.44
COM@SI	은	20150911	14.49	-0.144	14.7	14.705	14.28
COM@SI	은	20150914	14.357	-0.133	14.51	14.535	14.355
COM@SI	은	20150917	14.975	0.097	14.905	15.205	14.85
COM@SI	은	20150923	14.78	0.03	14.74	14.84	14.74
COM@SI	은	20150929	14.569	0.036	14.63	14.64	14.569
COM@SI	은	20151001	14.506	-0.007	14.515	14.515	14.465
COM@SI	은	20151007	16.088	0.109	15.85	16.088	15.85
COM@SI	은	20151013	15.897	0.042	15.71	15.897	15.7
COM@SI	은	20151016	16.102	-0.05	16.102	16.102	16.102
COM@SI	은	20151019	15.829	-0.273	15.82	15.829	15.82
COM@SI	은	20151022	15.823	0.127	15.823	15.823	15.823
COM@SI	은	20151028	16.288	0.43	16.06	16.288	16.06
COM@SI	은	20151103	15.244	-0.169	15.385	15.385	15.244
COM@SI	은	20151106	14.696	-0.292	15.035	15.045	14.696
COM@SI	은	20151109	14.418	-0.278	14.418	14.418	14.418
COM@SI	은	20151112	14.224	-0.038	14.45	14.45	14.224
COM@SI	은	20151118	14.08	-0.09	14.02	14.1	14.02
COM@SI	은	20151124	14.169	0.127	14.275	14.28	14.169
COM@SI	은	20151127	14.008	-0.15	14.16	14.35	13.905
COM@SI	은	20151130	14.05	0.042	14.02	14.155	13.955
COM@SI	은	20151202	13.979	-0.076	14.125	14.14	13.89
COM@SI	은	20151208	14.091	-0.216	14.195	14.25	14.091
COM@SI	은	20151211	13.859	-0.226	14.025	14.025	13.859
COM@SI	은	20151214	13.666	-0.193	13.875	13.925	13.666
COM@SI	은	20151217	13.683	-0.535	13.885	13.885	13.683
COM@SI	은	20151223	14.277	-0.025	14.3	14.3	14.24
COM@SI	은	20151229	13.917	0.044	14.02	14.02	13.917
COM@SI	은	20160106	13.957	0.008	14.0	14.065	13.957
COM@SI	은	20160112	13.74	-0.115	13.86	13.86	13.71
COM@SI	은	20160115	13.884	0.147	13.884	13.884	13.884
COM@SI	은	20160118	14.1	0.216	14.1	14.1	14.1
COM@SI	은	20160121	14.083	-0.064	14.083	14.083	14.083
COM@SI	은	20160127	14.44	-0.104	14.44	14.44	14.44
COM@SI	은	20160202	14.276	-0.053	14.26	14.276	14.255
COM@SI	은	20160205	14.764	-0.072	14.86	14.9	14.725
COM@SI	은	20160208	15.416	0.652	14.91	15.42	14.91
COM@SI	은	20160211	15.789	0.512	15.3	15.789	15.3
COM@SI	은	20160217	15.372	0.043	15.372	15.372	15.372
COM@SI	은	20160223	15.235	0.056	15.235	15.235	15.235
COM@SI	은	20160226	14.689	-0.481	15.135	15.23	14.675
COM@SI	은	20160229	14.896	0.207	14.735	14.925	14.61
COM@SI	은	20160301	14.733	-0.163	14.925	15.04	14.725
COM@SI	은	20160304	15.681	0.55	15.22	15.78	15.14
COM@SI	은	20160307	15.623	-0.058	15.57	15.795	15.525
COM@SI	은	20160310	15.546	0.191	15.315	15.625	15.175
COM@SI	은	20160316	15.214	-0.041	15.27	15.66	15.214
COM@SI	은	20160322	15.877	0.036	15.95	15.955	15.845
COM@SI	은	20160328	15.194	0.003	15.18	15.325	15.18
COM@SI	은	20160331	15.46	0.254	15.42	15.46	15.42
COM@SI	은	20160406	15.052	-0.062	15.052	15.052	15.052
COM@SI	은	20160412	16.22	0.246	15.96	16.22	15.96
COM@SI	은	20160415	16.309	0.14	16.24	16.309	16.165
COM@SI	은	20160418	16.249	-0.06	16.215	16.249	16.215
COM@SI	은	20160421	17.086	-0.045	17.086	17.086	17.086
COM@SI	은	20160427	17.286	0.18	17.286	17.286	17.286
COM@SI	은	20160502	17.656	-0.133	17.85	18.03	17.52
COM@SI	은	20160505	17.302	0.025	17.365	17.605	17.27
COM@SI	은	20160511	17.302	0.227	17.235	17.575	17.23
COM@SI	은	20160517	17.235	0.093	17.32	17.32	17.235
COM@SI	은	20160520	16.519	0.04	16.465	16.519	16.465
COM@SI	은	20160523	16.41	-0.109	16.32	16.435	16.32
COM@SI	은	20160526	16.338	0.083	16.285	16.455	16.28
COM@SI	은	20160601	15.906	-0.066	16.0	16.0	15.906
COM@SI	은	20160607	16.377	-0.051	16.377	16.377	16.377
COM@SI	은	20160610	17.315	0.062	17.315	17.315	17.315
COM@SI	은	20160613	17.428	0.113	17.428	17.428	17.428
COM@SI	은	20160616	17.594	0.105	17.7	17.7	17.255
COM@SI	은	20160622	17.305	-0.006	17.23	17.305	17.23
COM@SI	은	20160628	17.839	0.099	17.839	17.839	17.839
COM@SI	은	20160706	20.16	0.294	20.33	20.495	19.945
COM@SI	은	20160712	20.13	-0.134	20.41	20.465	20.1
COM@SI	은	20160715	20.125	-0.156	20.23	20.23	20.08
COM@SI	은	20160718	20.044	-0.081	20.025	20.095	19.745
COM@SI	은	20160721	19.784	0.202	19.375	19.784	19.325
COM@SI	은	20160727	19.965	0.31	19.965	19.965	19.965
COM@SI	은	20160802	20.666	0.201	20.405	20.75	20.405
COM@SI	은	20160805	19.78	-0.626	20.27	20.27	19.78
COM@SI	은	20160808	19.768	-0.012	19.69	19.84	19.69
COM@SI	은	20160811	19.984	-0.15	19.984	19.984	19.984
COM@SI	은	20160817	19.627	-0.221	19.695	19.695	19.627
COM@SI	은	20160823	18.91	0.067	18.925	18.925	18.91
COM@SI	은	20160826	18.645	0.167	18.695	18.695	18.595
COM@SI	은	20160829	18.762	0.117	18.762	18.762	18.762
COM@SI	은	20160901	18.857	0.235	18.7	18.9	18.585
COM@SI	은	20160907	19.759	-0.29	19.97	20.015	19.735
COM@SI	은	20160913	18.89	-0.025	19.17	19.17	18.89
COM@SI	은	20160916	18.781	-0.178	18.89	18.89	18.75
COM@SI	은	20160919	19.206	0.425	18.875	19.235	18.875
COM@SI	은	20160922	20.02	0.334	19.985	20.02	19.88
COM@SI	은	20160928	19.044	-0.043	19.05	19.055	19.044
COM@SI	은	20161003	18.795	-0.344	18.87	18.87	18.795
COM@SI	은	20161006	17.288	-0.346	17.735	17.765	17.28
COM@SI	은	20161012	17.455	-0.001	17.5	17.5	17.455
COM@SI	은	20161018	17.591	0.165	17.65	17.65	17.495
COM@SI	은	20161021	17.448	-0.054	17.448	17.448	17.448
COM@SI	은	20161024	17.562	0.114	17.562	17.562	17.562
COM@SI	은	20161027	17.604	0.019	17.59	17.604	17.59
COM@SI	은	20161102	18.66	0.275	18.33	18.66	18.33
COM@SI	은	20161108	18.33	0.206	18.3	18.7	18.3
COM@SI	은	20161111	17.364	-1.352	18.705	18.8	17.335
COM@SI	은	20161114	16.877	-0.487	17.46	17.46	16.805
COM@SI	은	20161117	16.761	-0.153	16.761	16.761	16.761
COM@SI	은	20161123	16.383	-0.24	16.255	16.383	16.255
COM@SI	은	20161129	16.661	0.078	16.605	16.7	16.39
COM@SI	은	20161201	16.427	0.021	16.495	16.63	16.25
COM@SI	은	20161207	17.203	0.463	16.665	17.203	16.645
COM@SI	은	20161213	16.911	-0.205	17.075	17.15	16.765
COM@SI	은	20161216	16.153	0.256	16.0	16.153	16.0
COM@SI	은	20161219	16.026	-0.127	16.0	16.026	15.98
COM@SI	은	20161222	15.815	-0.103	15.915	15.97	15.79
COM@SI	은	20161228	15.988	0.059	16.0	16.025	15.875
COM@SI	은	20170105	16.584	0.085	16.645	16.71	16.62
COM@SI	은	20170111	16.783	-0.02	16.61	16.783	16.61
COM@SI	은	20170117	17.102	0.382	17.102	17.102	17.102
COM@SI	은	20170120	16.997	0.03	16.925	17.12	16.925
COM@SI	은	20170123	17.15	0.153	17.2	17.2	17.13
COM@SI	은	20170126	16.814	-0.13	16.814	16.814	16.814
COM@SI	은	20170201	17.42	-0.092	17.45	17.59	17.45
COM@SI	은	20170207	17.733	0.066	17.575	17.733	17.575
COM@SI	은	20170210	17.912	0.192	17.58	17.965	17.58
COM@SI	은	20170213	17.804	-0.108	17.9	17.9	17.9
COM@SI	은	20170216	18.063	0.116	18.05	18.063	18.05
COM@SI	은	20170222	17.942	-0.048	17.942	17.942	17.942
COM@SI	은	20170228	18.42	0.066	18.29	18.445	18.235
COM@SI	은	20170303	17.697	-0.008	17.79	17.945	17.625
COM@SI	은	20170306	17.725	0.028	17.9	17.9	17.7
COM@SI	은	20170309	16.993	-0.264	17.16	17.255	16.925
COM@SI	은	20170315	16.888		16.9	17.22	16.82
COM@SI	은	20170321	17.55	0.147	17.335	17.55	17.335
COM@SI	은	20170324	17.72	0.157	17.72	17.72	17.72
COM@SI	은	20170327	18.08	0.36	18.1	18.1	18.1
COM@SI	은	20170330	18.185	-0.046	18.16	18.25	18.16
COM@SI	은	20170405	18.166	-0.136	18.215	18.215	18.165
COM@SI	은	20170411	18.233	0.339	18.04	18.29	18.04
COM@SI	은	20170417	18.493	0.004	18.43	18.493	18.43
COM@SI	은	20170420	17.992	-0.144	17.992	17.992	17.992
COM@SI	은	20170426	17.353	-0.228	17.353	17.353	17.353
COM@SI	은	20170501	16.78	-0.411	17.185	17.215	16.76
COM@SI	은	20170504	16.244	-0.243	16.425	16.55	16.21
COM@SI	은	20170510	16.151	0.143	16.145	16.235	16.1
COM@SI	은	20170516	16.693	0.132	16.58	16.775	16.58
COM@SI	은	20170519	16.75	0.129	16.525	16.775	16.525
COM@SI	은	20170522	17.143	0.393	17.143	17.143	17.143
COM@SI	은	20170525	17.152	0.075	17.165	17.19	17.15
COM@SI	은	20170531	17.368	-0.02	17.21	17.368	17.21
COM@SI	은	20170606	17.677	0.13	17.51	17.695	17.51
COM@SI	은	20170609	17.193	-0.191	17.455	17.455	17.175
COM@SI	은	20170612	16.914	-0.279	17.115	17.115	17.005
COM@SI	은	20170615	16.691	-0.416	16.63	16.73	16.63
COM@SI	은	20170621	16.355	-0.043	16.46	16.47	16.33
COM@SI	은	20170627	16.576	0.016	16.576	16.576	16.576
COM@SI	은	20170630	16.568	-0.018	16.59	16.63	16.44
COM@SI	은	20170705	15.842	-0.195	16.1	16.1	15.835
COM@SI	은	20170711	15.697	0.12	15.575	15.76	15.4
COM@SI	은	20170714	15.884	0.242	15.635	15.965	15.585
COM@SI	은	20170717	16.05	0.166	16.1	16.11	16.04
COM@SI	은	20170720	16.299	0.048	16.18	16.325	16.135
COM@SI	은	20170726	16.415	-0.082	16.4	16.61	16.365
COM@SI	은	20170801	16.728	-0.022	16.635	16.785	16.635
COM@SI	은	20170804	16.222	-0.372	16.265	16.265	16.205
COM@SI	은	20170807	16.221	-0.001	16.2	16.235	16.09
COM@SI	은	20170810	17.036	0.202	16.945	17.21	16.945
COM@SI	은	20170816	16.917	0.227	16.695	17.065	16.695
COM@SI	은	20170822	16.962	-0.033	16.962	16.962	16.962
COM@SI	은	20170825	17.038	0.086	17.038	17.038	17.038
COM@SI	은	20170828	17.431	0.393	17.431	17.431	17.431
COM@SI	은	20170831	17.48	0.076	17.42	17.6	17.255
COM@SI	은	20170906	17.816	-0.029	17.915	17.97	17.8
COM@SI	은	20170912	17.795	-0.012	17.78	17.87	17.705
COM@SI	은	20170915	17.611	-0.087	17.76	17.8	17.55
COM@SI	은	20170918	17.071	-0.54	17.49	17.52	17.03
COM@SI	은	20170921	16.937	-0.314	16.895	16.937	16.8
COM@SI	은	20170927	16.748	-0.056	16.7	16.815	16.695
COM@SI	은	20171002	16.585	-0.022	16.595	16.635	16.525
COM@SI	은	20171005	16.582	0.019	16.65	16.71	16.62
COM@SI	은	20171011	17.081	-0.074	17.145	17.2	17.065
COM@SI	은	20171017	16.987	-0.328	17.0	17.01	17.0
COM@SI	은	20171020	17.022	-0.179	17.17	17.17	16.99
COM@SI	은	20171023	17.041	-0.001	16.925	17.04	16.83
COM@SI	은	20171026	16.769	-0.115	16.97	16.97	16.735
COM@SI	은	20171101	17.132	0.487	16.99	17.06	16.99
COM@SI	은	20171107	16.905	-0.29	16.925	16.925	16.925
COM@SI	은	20171110	16.844	-0.099	17.0	17.0	17.0
COM@SI	은	20171113	17.023	0.179	16.84	17.01	16.84
COM@SI	은	20171116	17.056	0.106	16.95	16.97	16.95
COM@SI	은	20171122	17.101	0.152	17.101	17.101	17.101
COM@SI	은	20171128	16.811	-0.198	17.02	17.025	17.02
COM@SI	은	20171206	15.868	-0.105	16.04	16.05	15.87
COM@SI	은	20171212	15.582	-0.115	15.665	15.7	15.555
COM@SI	은	20171215	15.978	0.128	16.01	16.01	15.955
COM@SI	은	20171218	16.12	0.142	15.98	16.075	15.98
COM@SI	은	20171221	16.152	-0.036	16.095	16.12	16.095
COM@SI	은	20171227	16.619	0.099	16.595	16.625	16.58
COM@SI	은	20180104	17.189	0.004	17.085	17.23	17.085
COM@SI	은	20180110	16.963	0.027	16.96	16.96	16.955
COM@SI	은	20180116	17.122	0.053	17.305	17.325	17.305
COM@SI	은	20180119	16.975	0.082	16.935	16.99	16.935
COM@SI	은	20180122	16.931	-0.044	16.985	16.985	16.985
COM@SI	은	20180125	17.551	0.126	17.525	17.525	17.525
COM@SI	은	20180131	17.204	0.191	17.175	17.21	17.175
COM@SI	은	20180206	16.548	-0.091	16.705	16.705	16.54
COM@SI	은	20180209	16.116	-0.198	16.116	16.116	16.116
COM@SI	은	20180212	16.548	0.432	16.375	16.375	16.345
COM@SI	은	20180215	16.777	-0.081	16.777	16.777	16.777
COM@SI	은	20180221	16.604	0.179	16.604	16.604	16.604
COM@SI	은	20180227	16.346	-0.204	16.61	16.65	16.26
COM@SI	은	20180302	16.392	0.192	16.39	16.495	16.36
COM@SI	은	20180305	16.338	-0.054	16.465	16.545	16.32
COM@SI	은	20180308	16.436	0.008	16.44	16.465	16.375
COM@SI	은	20180314	16.467	-0.092	16.535	16.535	16.5
COM@SI	은	20180320	16.125	-0.13	16.215	16.215	16.05
COM@SI	은	20180323	16.53	0.202	16.45	16.55	16.45
COM@SI	은	20180326	16.632	0.102	16.7	16.725	16.615
COM@SI	은	20180329	16.223	0.018	16.25	16.25	16.21
COM@SI	은	20180404	16.209	-0.138	16.435	16.445	16.435
COM@SI	은	20180410	16.566	0.067	16.41	16.565	16.41
COM@SI	은	20180413	16.628	0.185	16.628	16.628	16.628
COM@SI	은	20180416	16.662	0.034	16.662	16.662	16.662
COM@SI	은	20180419	17.222	-0.009	17.17	17.17	17.17
COM@SI	은	20180425	16.486	-0.201	16.555	16.555	16.555
COM@SI	은	20180503	16.362	0.071	16.37	16.53	16.34
COM@SI	은	20180509	16.458	0.07	16.515	16.515	16.455
COM@SI	은	20180515	16.194	-0.376	16.35	16.35	16.165
COM@SI	은	20180518	16.387	-0.026	16.38	16.405	16.38
COM@SI	은	20180521	16.452	0.065	16.45	16.46	16.45
COM@SI	은	20180524	16.621	0.283	16.621	16.621	16.621
COM@SI	은	20180530	16.479	0.168	16.34	16.505	16.26
COM@SI	은	20180605	16.491	0.112	16.355	16.495	16.355
COM@SI	은	20180608	16.694	-0.072	16.735	16.76	16.735
COM@SI	은	20180611	16.905	0.211	16.87	16.91	16.87
COM@SI	은	20180614	17.226	0.273	17.12	17.285	17.115
COM@SI	은	20180620	16.289	-0.014	16.289	16.289	16.289
COM@SI	은	20180626	16.238	-0.07	16.238	16.238	16.238
COM@SI	은	20180629	16.104	0.153	15.965	16.115	15.91
COM@SI	은	20180710	16.003	-0.05	16.003	16.003	16.003
COM@SI	은	20180713	15.739	-0.159	15.905	15.905	15.71
COM@SI	은	20180716	15.735	-0.004	15.725	15.73	15.725
COM@SI	은	20180719	15.34	-0.163	15.21	15.325	15.135
COM@SI	은	20180725	15.533	0.07	15.435	15.435	15.435
COM@SI	은	20180731	15.5	0.025	15.555	15.555	15.52
COM@SI	은	20180803	15.406	0.077	15.455	15.455	15.455
COM@SI	은	20180806	15.292	-0.114	15.292	15.292	15.292
COM@SI	은	20180809	15.419	0.043	15.419	15.419	15.419
COM@SI	은	20180815	14.421	-0.604	15.04	15.04	14.395
COM@SI	은	20180821	14.751	0.096	14.751	14.751	14.751
COM@SI	은	20180824	14.779	0.252	14.47	14.82	14.47
COM@SI	은	20180827	14.844	0.065	14.844	14.844	14.844
COM@SI	은	20180830	14.477	-0.22	14.685	14.71	14.43
COM@SI	은	20180905	14.118	0.057	14.085	14.165	14.05
COM@SI	은	20180911	14.052	-0.027	14.11	14.11	13.91
COM@SI	은	20180914	14.042	-0.101	14.11	14.175	14.03
COM@SI	은	20180917	14.122	0.08	13.98	14.13	13.98
COM@SI	은	20180920	14.215	0.026	14.19	14.245	14.19
COM@SI	은	20180926	14.305	-0.093	14.33	14.33	14.33
COM@SI	은	20181001	14.422	-0.201	14.35	14.35	14.35
COM@SI	은	20181004	14.51	-0.08	14.51	14.51	14.51
COM@SI	은	20181010	14.255	-0.074	14.26	14.26	14.26
COM@SI	은	20181016	14.63	-0.026	14.63	14.63	14.63
COM@SI	은	20181019	14.579	0.046	14.579	14.579	14.579
COM@SI	은	20181022	14.522	-0.057	14.522	14.522	14.522
COM@SI	은	20181025	14.565	-0.046	14.565	14.565	14.565
COM@SI	은	20181031	14.229	-0.174	14.42	14.42	14.42
COM@SI	은	20181106	14.458	-0.146	14.58	14.58	14.485
COM@SI	은	20181109	14.103	-0.283	14.103	14.103	14.103
COM@SI	은	20181112	13.974	-0.129	14.1	14.1	13.995
COM@SI	은	20181115	14.237	0.182	14.237	14.237	14.237
COM@SI	은	20181121	14.48	0.233	14.34	14.34	14.33
COM@SI	은	20181127	14.062	-0.121	14.062	14.062	14.062
COM@SI	은	20181130	14.094	-0.179	14.27	14.28	13.985
COM@SI	은	20181205	14.463	-0.058	14.49	14.49	14.37
COM@SI	은	20181211	14.499	0.021	14.5	14.685	14.5
COM@SI	은	20181214	14.513	-0.216	14.49	14.49	14.49
COM@SI	은	20181217	14.639	0.126	14.56	14.62	14.56
COM@SI	은	20181220	14.753	0.051	14.53	14.72	14.53
COM@SI	은	20181226	15.004	0.303	14.98	15.05	14.98
